:100000000C94FB0B0C94280C0C94280C0C94280CCE
:100010000C94280C0C94280C0C94280C0C94280C90
:100020000C94280C0C94280C0C94280C0C94280C80
:100030000C94384C0C94280C0C94280C0C94280C20
:100040000C94280C0C94104E0C94280C0C94280C36
:100050000C94280C0C94280C0C94280C0C94280C50
:100060000C94280C0C940F4C0C94E54B0C94280C1D
:100070000C94280C0C94280C0C94280C0C94280C30
:100080000C94280C0C94280C0C94280C0C94280C20
:100090000C94280C0C94280C0C94280C0C94280C10
:1000A0000C94280C0C94280C0C94280C0C94280C00
:1000B0000C94280C0C94280C0C94280C0C94280CF0
:1000C0000C94280C0C94280C0C94280C0C94280CE0
:1000D0000C94280C0C94280C0C94280C0C94280CD0
:1000E0000C94280C0C94834F0C9471460C94E440AF
:1000F0000C94093B0C9420480C9463320C94F64AFF
:100100000C9449380C94793D0C94B80F0C94E4127B
:100110000C9497150C947B360C9476430C94FC1C31
:100120000C949B1A0C94D74A0C94D5410C94CF1C78
:100130000C94CC3F0C94D2490C94AA4A0C942249BA
:100140000C94544B0C94FA130C9404320C94A23F6C
:100150000C9458320C94811E0C94AC370C942D19CD
:100160000C94203C0C94DA3D0C94281B0C948D3795
:100170000C94AE1A0C94AE400C944D320C94DD1AD3
:100180000C9479320C94A4410C9467370C94F815B4
:100190000C945D3C0C943B3B0C9412160C94420D59
:1001A0000C944D4A0C94220D0C94ED360C948F4B0C
:1001B0000C9422140C9446150C94A9140C94F93345
:1001C0000C94A53C0C94E33B0C943B400C94744A77
:1001D0000C94E6150C94CE190C9454490C94793A6D
:1001E0000C94573F0C943F140C94243A0C943C11FB
:1001F0000C94771C0C942E1D0C9426500C94F446F1
:100200000C94C3160C94B2390C94B33A0C94841D1C
:100210000C94B4370C943F360C9493490C94C01151
:100220000C9401490C9407440C9432400C94C04245
:100230000C94EE490C9484450C94BD380C940E1A21
:100240000C9401130C94C44A0C948B380C94C43154
:100250000C94450C0C94CB130C9463500C9477477E
:100260000C94843C0C949F150C9455560C94A23C11
:100270000C94B64B0C94D9480C94E8350C94283D5A
:100280000C940C390C9428390C94CD480C948F4A5A
:100290000C9442320C9411330C9425420C940115A9
:1002A0000C94BC490C94240D0C948B0C0C94044AB3
:1002B0000C94763B0C945E4D0C94D3370C94E3195C
:1002C0000C9466550C94BF0F0C94D8120C946E329B
:1002D0000C94254A0C94C5430C9470150C94821B05
:1002E0000C945C190C940E380C94B0130C94D23608
:1002F0000C9424360C9488310C9490190C94541A54
:100300000C940E1E0C9467330C940C370C947342AF
:100310000C94F0370C9467350C9411130C94470D22
:100320000C94BC3B0C9496360C942B370C948C0C90
:100330000C94834D0C9444390C94F90F0C942A0CB2
:100340000401010404010404040400000004040185
:100350000101010104040101040101040404040079
:100360000004040404040000000004040000000071
:100370000400000000000000040000000000040071
:100380000200000400040000040704040000040448
:10039000040000020200040002000002040700043E
:1003A0000004040000040004020204040404040025
:1003B0000004000404040404040400040002030410
:1003C0000004040004000400000400040000000015
:1003D00000000000000100020102CA030E1A020020
:1003E0000001000000D81203000001000000E41228
:1003F00004000001000000541A0500000100000084
:100400009B1A06000100019316A9140700000100C1
:100410000000AE1A0800010001C90301150900001F
:10042000010000008B0C0A000201018E16CE190B90
:1004300000030103C6038C0C0C00020102C403E399
:10044000190D00020002CA03420D0E000200027ADA
:10045000160E1E0F00030003C603811E10000200CB
:1004600002C4033F141100050005BF03C3161200A8
:100470000200027A16CB131300010001C903901980
:100480001400020002C403FA1315000200027A16D7
:1004900022141600040004BB03841D170005000588
:1004A000B60312161800010001C9035C19190008EF
:1004B0000008AE032E1D1A00030003AB03F8151B42
:1004C000000200027A16281B1C00020002C403CF9F
:1004D0001C1D000400047216FC1C1E00010001C952
:1004E00003E6151F000200027A16B013200009006F
:1004F00009A203771C2100020002C4039F152200F9
:100500000400037C16461523000300027F16011326
:1005100024000300027F162D19250004000476161E
:1005200011132600010001C90397152700030003DA
:100530009F03701528000400039C038445290004D0
:1005400000047616283D2A00010001C903AC372BB0
:1005500000030003990332402C0003000396033B81
:10056000402D000600069003AE402E000200027AE5
:10057000162B372F000500058B03203C30000400AC
:100580000488165D3C31000200027A16843C320079
:100590000400038803CC3F33000500058303243A9D
:1005A0003400010001C903DA3D3500040003691677
:1005B000A23F36000500057E03E33B37000400043C
:1005C00076168B3838000300039F03F03739000399
:1005D00000027F16ED363A000300027F160C373B0F
:1005E000000600067803B2393C000300027F160CB7
:1005F000393D000300027F1628393E0008000870CC
:100600000344393F000600067803E440400005003B
:10061000056B03573F410006000665034938420059
:10062000030003AB03BC3B4300010001C903793D58
:100630004400020002C403C04245000200027A16D0
:10064000D3374600010001C90320484700020002D9
:10065000C403734248000400046103763B4900016F
:100660000001C90377474A00020002C40325424B38
:1006700000030003AB033B3B4C00010001C903F442
:10068000464D00020002C403D5414E000200027A2A
:1006900016B4374F00010001C90371465000020033
:1006A00002C403A44151000200027A168D375200A1
:1006B000010001C90396365300020002C403BD388D
:1006C00054000200027A16D23655000400045D037D
:1006D000093B5600010001C9033F365700020002E2
:1006E000C403B33A58000200027A167B365900045C
:1006F00000045D03793A5A00010001C903E8355B43
:1007000000020002C4030E385C000200027A1624C4
:10071000365D00030003661667375E00010001C9FD
:100720000366555F00020002C403635060000200CC
:10073000027A168F4A6100050005B603834D6200F8
:10074000010001C90355566300020002C40326508C
:1007500064000200027A16744A6500030003AB03CA
:100760005E4D66000200027A16D74A670003000257
:100770007F16834F68000400047216544B6900030F
:100780000003AB03B64B6A00030003AB03EE496BF7
:10079000000500055803044A6C00040004540325B6
:1007A0004A6D000700074D034D4A6E000200027AB1
:1007B00016C44A6F00010001C90393497000070085
:1007C000074603F64A71000300034303BC49720065
:1007D0000300034003D24973000200027A16AA4ABA
:1007E00074000001000000CD487500000005000005
:1007F000000078DA9D5A796FDB3816FF2A5A038396
:10080000DD59245D4BBEBB983F5CC76DB3CD35B69B
:10081000D3CE5E201489B685E8F0885293EC20DFB1
:100820007DDFC14392DD19A003742C928F8FE4E326
:100830003B7EEF31BFF5C2C3A1F7B6F7294D0E07D6
:1008400059F6CE7A0F7592C6E2AB2C5552E40A8661
:100850007651F4D6FBCB87C5E2476FF266F0A6EF80
:100860003D24795D25A9C2DE9B7BEF9D6EFEE805E8
:100870006F82F19BA0EF8FFB7E3002565191656134
:100880001E0393DF7A61ACFC20E88BB0AAC2682F0C
:10089000AA32D9ED6429C23C4C8B9D5724F14F3FBD
:1008A000445EBB57706FEFED2C38A3F9033FEB3F6D
:1008B0007F1787F301B248D3220A2B89BDCA8B8ADE
:1008C0003AAF68700A434C9EE4DFC57DE0A3D8AA26
:1008D0000AE425C2E8D150BB1586E306411C1B8201
:1008E00043A1E827C97FFAA1F60E759A8AFAC013C8
:1008F000A66EC2AFB52C5F2C4F38C223529752550B
:10090000A24AA247C5ADAA0C7395259530AB7A498A
:100910000E97A8D79FC065A4322C85DAD7555C3CCA
:10092000E5BDB701DE4FBE4D76425F8D59421D12C7
:100930007D322F0EAB5094328C5F046F12EE62D07A
:100940009A4757726266B40FF35CA6F899D799D0AC
:100950004DF50DA6E72841CBF5391D0C47C73C7B6B
:100960006FC73347652ECCCA52B31AB8FD3D640930
:10097000A8A22178A895687F8AEAE52089F164E435
:1009800026B1D4DD2C6C8AC655BA3D50A72CDB3B72
:10099000685DE368EC8841C68389530DEC246914D3
:1009A00075A5E5E0A9287DB43299BA85E26497542B
:1009B000612A80B4B3D8D730AD25B191DBB04E2BCE
:1009C000613BB2F059C475195660C5C4CF9F587EBB
:1009D000126CB22A0E2D5E516BE381DBF83E1E0EC7
:1009E00027532BC65299DD4AF3110FEDD7C87E8DE0
:1009F000EDD7C47EC9347CB13A0BD7E95470FF3CC3
:100A0000F1AD1AED42B0C386027D5B44EEDA92206E
:100A1000F28C9A0C1DDF24CA82FE6C3835AC81CC76
:100A20006AD3D4E95C1A47FED80F4E519D3744A1D2
:100A3000C9C45352ED41F5AA87E3091E76F306694E
:100A4000B2137A9AA8207EFA636DF480104E9F1C30
:100A50001AEAE90E941DEA5930EA9FDAE9646AA9B4
:100A600072591C92679976B4852C4F25FF03AEFB13
:100A70001ADC7825504B1A4E4449E802E1BB3B1A78
:100A80000D2DD3C353764203A317702C8E87D6BF88
:100A90007DDDD548E83952C9A1BB3F5528B14DD2BB
:100AA000863921B59211122B16A6EF0E085EA1BB56
:100AB0000F74BD55F2558A7DB2DBB35B9E35E9C13B
:100AC00065EC5279C255D93127F0F360D09A6ABCEF
:100AD000E6A9D97A48640AECF9AF10EB06C3D65CF4
:100AE000541654E04859051D340E524D66CEF54655
:100AF000EA849E7B0A94C37CBEE49168DB9117650F
:100B0000B1E89AD6A871F44A6264B75B87A6D64F5B
:100B10002F4E4AF3C9C182881D559D2AD960DA102B
:100B20004AB597655680033C9C146973D84975ECA7
:100B30002CA9CAA23A2CAD2E95CFE2C87B7A95EDAE
:100B4000444DAD924CF2D19CD99E0ED24E959C1143
:100B5000FB8DAD97284477177D1821DFFC5DA17FC1
:100B60000A5719CB871A6CAE001C35332DD8F98E75
:100B7000EC8D75C2EF9B010C7C5E51C6B244AE0099
:100B8000064AF6CE8121782A934A1E51A06131216E
:100B90001C5F66B2DCC93C7A11E8C6E10CD0C52EF8
:100BA0005DEC8B4C1E6105156687A691EAB6450A79
:100BB0006D2C015B776184A5253A428043A8825D54
:100BC0005C30728B1352813D8595B4F20DC01AB61C
:100BD00009080DDC8EE02BF0A232E20070D6DB813A
:100BE000C7A17DC2C5EA16D1803BE3667DC09B07E5
:100BF0005F71D6D39108BC421E0BD07A1BA4F19B27
:100C0000E53CF63B6478055E03CD6832B80E0A39E0
:100C1000DF77E7B01774BCE82DC179377D3134C96F
:100C2000938204F0172F4F2AB69EA1EF66A9A7E67C
:100C300044B0756BDF71D8B08486F5B5588DF50674
:100C400008F36D9D6D93EAE0093DD432914AED665B
:100C5000E1B4492CF32AD9028EDC6E6107E4372C0B
:100C6000A6819D99D0F65DE03A0023302187C46EBD
:100C70006F7F143446EA43EC3483C1EFBE6EDCCAA6
:100C800008F49855A883485BFA0946E677E848E5F2
:100C90006AE75F67FD26410BA276598D8E288F98F3
:100CA0000D1D490B9976588DA71DBA2EA3F1C412BC
:100CB00074C1EB775AEAC34B25216290411E0AC2E8
:100CC000FA5EE6AC57875CD70275D901B3BD8C1EBE
:100CD0001B88165323DE571B3077CE3719B6C9BA97
:100CE000C79BD8DBEBE0627BB84301BEBD7BB4465B
:100CF000CCB277D1C6CA9D7D4C276DB2EE3EA663BD
:100D000033DE02955D2E8316D511132B932E82ECC4
:100D1000F2E977098FE43233141D94D9E1741E3857
:100D2000C21654ECDE83DF263B5ACFEEA88315BBF8
:100D30007C261DBA2346569047E8E91B59287A6A53
:100D4000C04AC9B6D27EC1AA0CB3EE4800F33EBB7E
:100D5000D95388E21BCB3454BCA5E1DC002403C189
:100D6000266E28F89815AB96A71229BB46D184BDEC
:100D7000BE9DD241BD96DC5A15F8D7A12146D8E4D4
:100D8000B94440961CB58DABDD931B87DF04E2228E
:100D90006818016E4427E69B18703CEC2E0833401F
:100DA0005648D33C44270D848D0F8E88E80804D321
:100DB0002DCF16668749639E94CB67BD0540863666
:100DC0006A262507729F898C40FE00FF8358702B8E
:100DD0000E8BE15C46E88673DEC4F72023B9DD8A1A
:100DE0006D1942144D2A0DF9514A1D1E1CC0848AEA
:100DF00042772013D4128FBAED478B9D17D6552119
:100E00000C2971F78FB8EB1DD9D0CC4D91C4CF1AF6
:100E10005AF68979A17CFD1BE8DF81FE1DC22F5E99
:100E2000E9EC987503171D31C631668D5F3E33A11D
:100E30001B77D94927DABBC0798E208CF214177B37
:100E40001BC3033BDAC22BD8A5F14A56C4B2815B5F
:100E500060CAC44D6983952C5185812859A192534C
:100E6000098B61D74D20C603E6FAED930C50132988
:100E700025FA3D94379AB6A94E83BC119E81931FE3
:100E80008148120047D2B85B50FB992320FC8A2E80
:100E900080218E433C0DF80B3360619DBAB464DD54
:100EA000065E8C7CE0EE3A78A989CDFF00577BB2D4
:100EB0002C8B66DBFA9DACC8930A869C37D41DE068
:100EC000FB388EA03577563E05CCCFB120D4A1C3D8
:100ED000EB2EC3274140C1C60DE8C8F06213FEC423
:100EE0007548C58727E71F49B045618A1CA65BFB8B
:100EF0000BE237427E2416E203C1E484E305473463
:100F00007574553389240C241A4183DA5650F2F94A
:100F10009094B295BBCC2CA7CEAE9B44202646AE77
:100F2000A7C247C3F30E5F4D8E89F5EEF9C5425C4B
:100F3000CF7FC1D40FF3E677F76B717779B3C658DB
:100F4000DA7BDBBB7B3738BB7B17C03FBFD718AC26
:100F50009E68F0A27F767781038BABDBC527F17E9D
:100F6000B5FC199D749FFE3BEB5D2FEE812AAC32E0
:100F7000B90B83D1B80F84775FAE79B50051D46ACD
:100F8000B9585E7E5E8A2F973717B75F50D103EC52
:100F90005C2F57D0C9BB906512A6B8D612D65AE2BC
:100FA0005A307A39BF12EFE6F717C886975A6FE6BC
:100FB0009BB558DF5FAF7F8691F51247C6D8BDBCA1
:100FC000BB5BAEC4EDDDE6F2FAF25FCB0B717F8363
:100FD0007D9C6B9851FC15EF6E371FC5F2E2034CF8
:100FE000F55F3155AC2179A512907D1660D84D1A68
:100FF000FF16FBD6CB9BF5ED4A2C572BF8FF62B5BD
:10100000A004A5D58967D9C05E5EB14AEEAA67384B
:1010100019F222A22739F75F6D72EFD82F6E6FDEBB
:101020005F7E1037B71B315F2C96779BE505A5D007
:10103000ABE5FC426C6E6F3FE1FFC4D5EDCD072AF6
:10104000926BB95CCC377371B15CFFF366F171756B
:101050007B73B9C65978229DF62167BABEBEEBD321
:10106000B00787F08A4156CBDBFB0D71BD992F3E4F
:10107000F1B936F3D5467073609AB415EE03235B6D
:10108000DFC336D76B666D1235779ECB60C1BB234D
:10109000D91077ECC2AB83457527AC7479F3797EB0
:1010A0007579C1CC71022FC8725D2DEF6E571B4B45
:1010B0004E2B35EB90B8D0D5E53AB80075822B862B
:1010C000CFC1C5471600387D1CBD9BF77B6FFFDD88
:1010D0003F9BFE17D4F11D7E4FF97B81DFE094A882
:1010E00071810DC085D4586203D20F6ABCC7C65047
:1010F000CFFF400DCDE02336469AC13FB031D173CA
:101100003ED1327ACE153570CE6B2B6CEADD87FE80
:101110006030A0CD876AD41F4E62124A568DA7FE5A
:101120009824819FC15891C8AB548EFA7EF0C03A82
:10113000A6232572B16A85579BA0072A931C52B932
:1011400058DBBC47BE61CBA9163B8F794A8F1D9EE9
:10115000A982C48CD21661EEE545054800FE155BF8
:1011600000544F19A3298F5C96F7B44FE09B5D8F15
:10117000F20E106E60258681666EAD2481EED2F788
:10118000B645E98117F8BB69270A4763EAA72E5DD0
:101190001D81A97FAE10867A2AD9C186BC6A1F56E6
:1011A000481DEA6D3246E3C28E2656488A1E8FCB12
:1011B0004FDC4B809558C34E65EE993AA39D0F7A4C
:1011C000B8E00740EF1096E07138A85165C70C945D
:1011D000124293AAE80DEE7D08E78DBDAAF028B46F
:1011E00062459FFC3B47F2F75C1C36F82CC963F95B
:1011F000ECA561894E1B8E90B7EAC55C25FCF80B07
:10120000E67FF89AF037FD9AD0BA1DCF3F1FF2D390
:1012100018988BA72D908DC72333347D7EB30FADE7
:10122000C70CF47960C3918AE3C925A71F9EAB3C24
:1012300098B72FFDE8A30BE0FCC667A96D45A09BFE
:10124000D3F35B8CA133AF53EEBD8F730B0679865E
:101250004ABFBB5249CDF501195E44984910245745
:1012600073CD6056002AD777E1E103018633376CEE
:101270009F13EC03023BFAA3715DE1B1EB0F1A027D
:1012800001F5F1D81631DD31BD58C837413398B674
:10129000FA75CA892E484F1CF5DB04A080F5C19D64
:1012A00049F1839BA16865940D2EF83C741D3EA303
:1012B0001E4C8D4019F15E4BA542500C9947806041
:1012C0008DBA02CBEB44A12DA9682FE33AC5D22EEB
:1012D0004CC66CC9D39080144B7E95781398557C7E
:1012E0007BC23E2C6332754D8DAF05D7287ECA2058
:1012F0003DF82AB769F1C429E80DD878E8F171D032
:10130000B990AB1D7506C0EA7900DFD39A03497E18
:10131000E03C8D4B6B3494E34E5DF790A083B5FDBC
:101320004359EC4098196C3DC4B36D01A4C32E41E0
:10133000D812DD16964D57521F0A4D15FD0A2C8303
:10134000A2866B403BC682DFDA121C49C77B4AD2B9
:1013500014905804FC5AEF418CC6DD4C2BA1DF9948
:10136000814FBD6BF0417C87B401A448B23A337D14
:10137000C63810B398371C7A080766E4B5C8033737
:10138000DFC4D7DA8D5545E16D433A1D9F0C8B19AB
:101390009BA64AA1C880905EB9B8BCBB2179E04C3D
:1013A00000A14A5254B9CF557D404396ECD2288EC5
:1013B000E0F3CC97B08AF671B16329FE89B323FAC2
:1013C000130588BA75FE088CD11FF2C36DA35FB9EF
:1013D0008131FEE102DA08384C057E1E2D18202EE0
:1013E000781AC5F78B8FD5884350F169F5DAED8609
:1013F0009FDFDC285B0D57336C2F9A677B8E7BC396
:10140000E10050E429C48CAFB0A5F02135A1C00A99
:10141000744658C8AB8C87C4CC0DB3C3D4EB2C0A2C
:1014200067A7BFCAB05148FFAD46CC6F270AABD7FC
:10143000E8C059E520B727090C6D3A46AE89444FFC
:101440003181DFD84EC076BC6FB60E7C97D3C18A8F
:101450006D0FD33B08EC476F5718D9015B0FFCE9C0
:101460006844F84137C60420B8311E91F240633C0D
:101470009EC0F7E0F528377280ED1AE0E34623B509
:10148000DBCFCBD5FB2B02E9605BF32F6235BF418D
:10149000ACDCB7C86C7DB75C5CBEBF5C9C646AC1E9
:1014A000CD8312786A7C6602AB85F8113E8A5D4571
:1014B0004BE08FFF0A731F8DA3351018D61557CB3D
:1014C000CFCB2B02F2B737EB9F5EFE93F710F945B7
:1014D000A050C0AE877FDFF3E1EEEAEBA04715AA8C
:1014E00003B84AC9B8DDFEC14CABAC4115A4768D3A
:1014F0004CE7EC7E30737FD2D29A1336AAD15CFED1
:10150000D0333018732DCC257FE756FF3C84A7F6E7
:10151000CF28F84909FB8CF251B102DCA9B0C537DC
:10152000984D0FCE549DFEBD7DEB19FA43B8D57D85
:101530008CB2E61D4F81DDDB67B9F3C61B5C8B33D4
:1015400024FDE0FE8FD768BEB261F2CB4983917172
:10155000E74D492712BA8A4B144646BE7BDB69CC5D
:10156000B68F3C5C0E7983B4F80AE4C4E37501AC31
:1015700096105A9B7DB1D1873405A33A8AE8098A2F
:10158000EA8C607BB058F391F37C48860A9E08F69B
:101590009C3EB6CA320AC1451EC9CE938F8F08A1A0
:1015A00039A7558376550F5D2336A93C172A9B2C06
:1015B0001F6A8A5531BF3300600567244C30557C63
:1015C000361F7D827261C0BCB99C16C4EC54EDED2F
:1015D000E8829A25EAD6BD4CDAA5AEA3895DFA3E2B
:1015E000A514654518FF1C6136EE4B395D5475A690
:1015F0007FD4AFAC725357BEEAD4B6F8718D4A8827
:101600001D87D6BED113E68A1F14D2F4358F5DC56F
:10161000EBF80858EBE2ED0F8E6B41A7AD80BF9A57
:101620003635EC37EB396E4E14DA72DCE91A598331
:101630004740DE9E9211FEF38FBAE93326E0FCF4B8
:101640001F34824F93C1C36C16CE7AAFFF075D3350
:10165000AF6A600E000028292A2B2C2D2E2F505106
:101660005253545556570404000402070400000264
:101670000002040000040400000004040404070441
:101680000704000704040400040400040401070420
:1016900000040200000000000000060002028C00AE
:1016A000100A0366168B00400A0369168A001E0D95
:1016B000066C168900400A0381168800150B047217
:1016C000168700180B04761686000B09027A168519
:1016D000004009027F168400400A037C1683004004
:1016E0000A037C1682004009027F168100400A032B
:1016F00081168000120B0484167F00110A048816DC
:101700007E000D08028C167D000B070193167C00ED
:101710004007018E167B00120A048F167A000B0711
:1017200001931679001008029416780015090396A3
:10173000160000400802991677000E08029B1676E4
:10174000000907019D167500060600000020002311
:1017500000260029002C002F0032000001000003A9
:1017600001060109010F470044004500800135488A
:10177000004400450020010D8800800081008000A9
:101780000E8A008000810020000F8C008000810004
:1017900008000CB300B000B10080033EB400B000FC
:1017A000B1002003239800900091008000249A004B
:1017B000900091002000259C009000910008003BC3
:1017C000A800A000A10080003CAA00A000A1002069
:1017D000003DAC00A000A10008005B280120012111
:1017E0000180005C2A012001210120005D2C0120E4
:1017F00001210108000011241FBECFEFD1E2DEBF9E
:10180000CDBF00E00CBF14BE0FB6F894A895809130
:101810006000886180936000109260000FBE12E04B
:10182000A0E0B2E0E6E6F0EB00E00BBF02C00790FC
:101830000D92A033B107D9F723E0A0E3B2E001C0D5
:101840001D92A53AB207E1F70E949F500C943158BF
:101850000C940000FC0186898460868B109226021D
:1018600081E080936C0284819581A681B781408953
:10187000518962897389840F951FA61FB71F8483BE
:101880009583A683B78381E008950F931F93FC018E
:10189000A489B58986898C9393A181E0892783A344
:1018A000448155816681778190FD12C00085118544
:1018B00022853385400F511F621F731F82FD12C0A6
:1018C000448355836683778381E01F910F91089548
:1018D0000485158526853785400F511F621F731FAC
:1018E00082FFEECF0089118922893389872F401723
:1018F00051076207830B87FDE3CF80EC91E193836F
:101900008283B901A801448355836683778381E08C
:101910001F910F9108950895FC018081A481B581E4
:1019200040855185628573859FB7F894813061F059
:10193000823019F04C939FBF08954D935D936D9342
:101940007C9313979FBF089511965C934E939FBF0E
:1019500008950F931F93CF93DF938C01DB01FC015C
:101960009081709156029F5F492F50E0440F551FA0
:10197000440F551F2091570230915802240F351FF4
:101980000BC0E9012C5F3F4FF90134974081518131
:101990004A175B0751F09F5F971798F390E080E03C
:1019A000DF91CF911F910F910895F80190838A8163
:1019B0009B81DF91CF911F910F910895CF92DF927C
:1019C000EF92FF92CF93DF9360915E0270915F027E
:1019D0006115710581F1615071096B01F12CE12CE8
:1019E000C0915B02D0915C0240915D0250E06115B4
:1019F000710591F0FE0180E090E0DC010196A11DEF
:101A0000B11D9A012E0F3F1F31832083F9018C15E0
:101A10009D05AE05BF0590F3469FF001479FF00D71
:101A2000569FF00D1124EC0FFD1F11821082D093F0
:101A30006F02C0936E02DF91CF91FF90EF90DF9025
:101A4000CF90089580E0089510922602E2E1F2E03E
:101A500084819581A681B781AC01BD015659674E3D
:101A60007F4F44835583668377839659A74EBF473C
:101A700080930E0290930F02A0931002B093110274
:101A800081E00895FC01648180810C94D84DFC01B3
:101A900080917A0086FD08C0828D90910902981786
:101AA00089F09F3F09F463C084819581A681B78145
:101AB0008853984FAF4FBF4F84839583A683B783D6
:101AC00081E008958FEF8093090220917800309192
:101AD0007900858D968D891790F544895589240F55
:101AE000351F8F5F358B248B858F891770F1868921
:101AF00097892817390708F448C0808D918D82177F
:101B0000930708F442C0138E1092260281E080935E
:101B10006D0280899189A289B3894085518562854A
:101B20007385840F951FA61FB71F808B918BA28B87
:101B3000B38B84839583A683B78381E0089581E086
:101B4000358B248B858F891790F684819581A681AA
:101B5000B7814485558566857785840F951FA61FB7
:101B6000B71F84839583A683B78381E0089580930C
:101B70000902982F987090937B00877080648093FF
:101B80007C0087ED80937A008FCF838D8F5F838F6A
:101B9000948D891708F4B8CF809128028111B3CFB2
:101BA0008BE10E9429102F923F924F925F926F9289
:101BB0007F928F929F92AF92BF92CF92DF92EF92DD
:101BC000FF920F931F93CF93DF9300D000D0CDB738
:101BD000DEB7DC011596BC91B9835B2F567081F19D
:101BE000032FD22E142FC62E9B838A83B170BC8301
:101BF000E981E1FD3EC0AA81BB819C9111968C9147
:101C00009CBD8DBDBC81B11172C1CC2009F43EC117
:101C1000112309F4D4C0ED2DF02F1150AF014F5F07
:101C20005F4F410F511D80818EBD0DB407FEFDCF6A
:101C30008EB58193E417F507B1F7EC81E111C3C0CC
:101C400026960FB6F894DEBF0FBECDBFDF91CF91C1
:101C50001F910F91FF90EF90DF90CF90BF90AF90CA
:101C60009F908F907F906F905F904F903F902F90BC
:101C70000895DC010D90BC91A02DBE83AD831D960F
:101C80004C911D97427016966D917D918C910E949A
:101C9000B64D0E943D4FED81FE8181849284A384E4
:101CA000B484680D791D8A1D9B1D0E944243FC81EE
:101CB000FF2309F4FAC0F980F694F694F6944F2DB8
:101CC0004170AA81BB8112966D917D918C910E9489
:101CD000B64DEA81FB810190F081E02DFE83ED831A
:101CE00081849284A384B48424013501769467941A
:101CF0005794479484189508A608B7080E943D4F4A
:101D0000640D751D861D971D2FEF210F112309F4FA
:101D10005EC0ED2CF02EA7014F5F5F4F1A01220E1F
:101D2000311CD701DD907D01ED81FE81258508E024
:101D300010E020FF6EC00E944243AD81BE81169626
:101D4000ED91FC91179718968C91189780834D2DE3
:101D5000407813966D917D918C910E94B64D0E94B2
:101D60003D4FDD0C110F680D791D8A1D9B1D0E94D2
:101D70004243AD81BE811696ED91FC91179718965E
:101D80008C9118978083ED91FC9111978081129628
:101D90009C91892391E009F490E0192B0E943D4F1A
:101DA000640D751D861D971D015029F6CC2019F074
:101DB000F701319710832E143F0409F0B2CFEC8164
:101DC000EE2309F43DCFF980F694F694F6944F2D66
:101DD00040954170EA81FB816281738184812696FE
:101DE0000FB6F894DEBF0FBECDBFDF91CF911F912C
:101DF0000F91FF90EF90DF90CF90BF90AF909F90AA
:101E00008F907F906F905F904F903F902F900C94A9
:101E1000B64D0E9442434D2D4078ED81FE81638195
:101E2000748185810E94B64DAD81BE811696ED917B
:101E3000FC91179718968C9180830E943D4FDD0C82
:101E4000110F680D791D8A1D9B1D0E944243AD81B3
:101E5000BE81ED91FC911197808112969C9189230E
:101E600091E009F490E0192BAD81BE811696ED91B9
:101E7000FC91179718968C9180830E943D4F640DBA
:101E8000751D861D971D015021F690CFED2DF02F69
:101E9000AF01410F511D4E175F0709F490CF81919B
:101EA0008EBD0DB407FEFDCFF6CFAA81BB810D908C
:101EB000BC91A02DBE83AD8319968D909D90AD9061
:101EC000BC901C97240135017694679457944794ED
:101ED00084189508A608B7080E943D4F640D751D2B
:101EE000861D971D2FEF210F111113CFA9CEB98198
:101EF000B3FB442740F9EA81FB81628173818481CD
:101F00000E94B64D82CE0F931F93CF93DF93EC01C7
:101F10000FB7F8949E8990FF25C0162F6F8B9A7F7C
:101F200094609E8BAC89BD891097B9F01296ED91A3
:101F3000FC9113978D919C9111979D8B8C8B119691
:101F40001C921E9213961C921E921297612FCD0125
:101F50001995AC89BD89109749F71092260281E046
:101F600080936C020FBFDF91CF911F910F91089565
:101F70000897FC01608D0E94830F80E00895FC01AA
:101F8000A085B1859C91818D22859223C9F0809591
:101F90008170C1F4838D815029F1838F8481958173
:101FA000A681B7814785508961897289840F951F01
:101FB000A61FB71F84839583A683B78381E0089506
:101FC000817041F389EF9FE09383828383899489B1
:101FD000A589B68984839583A683B783828D838FF1
:101FE00081E00895648D8789908D0E94830F80E041
:101FF00008950F931F93FC01A085B1859C914481A6
:102000005581668177810385148525853685400F46
:10201000511F621F731F818D2285922359F0809575
:10202000817051F0448355836683778381E01F91EB
:102030000F9108958170B1F7438B548B658B768B2C
:102040008FEB9FE093838283CF011F910F910C94BC
:10205000BF0FF894682F70E08DE392E00E94D45790
:102060008CE10E9429104F925F926F927F928F9223
:102070009F92AF92BF92CF92DF92EF92FF920F9317
:102080001F93CF93FC01A4A1B5A11097B1F41686BC
:102090001786108A118AC0E08C2FCF911F910F9163
:1020A000FF90EF90DF90CF90BF90AF909F908F9078
:1020B0007F906F905F904F9008958D919C911197B4
:1020C00095A384A312964D915D916D917C91159786
:1020D00018960D911C91199716968D919C911797B2
:1020E0001A962C911A97E0906E02F0906F0211965A
:1020F000FC92EE92B0936F02A0936E02C0A0D1A0AA
:10210000E2A0F3A0C22FC17020FF08C0F094E094B9
:10211000D094C094C11CD11CE11CF11C30E020E023
:10212000C00ED11EE21EF31EC0A2D1A2E2A2F3A2F3
:10213000958784876C01092E000CEE08FF08C40EF9
:10214000D51EE61EF71EC086D186E286F386A4A5BC
:10215000C480D580E680F780A5FD28C0868497845A
:10216000A088B1884288538864887588440D551DBD
:10217000661D771D428B538B648B758B448355830F
:10218000668377839A2F9071A4FD04C0000F111FFE
:10219000221F331F06871787208B318B89288A28B7
:1021A0008B28F1F4C11114C0C1E076CF4C0D5D1D38
:1021B0006E1D7F1D4483558366837783068717874B
:1021C000208B318B892B49F0A064A4A7CC2361F329
:1021D000A58DB68D878D8C935FCFAF7BA4A7F6CFEF
:1021E0008F01872F4C155D056E058F0987FD33C064
:1021F000CC23D1F2911125C0D8015D96ED91FC91CF
:102200005E975F968C9180830E943D4FF801C6884F
:10221000D788E08CF18CDC01CB018C0D9D1DAE1DAF
:10222000BF1DC480D580E680F7802F2DC816D90643
:10223000EA062B0B27FFB8CF84839583A683B78349
:102240002BCF0E943D4F292F6C157D058E052F0940
:1022500027FDF7CFD1CF4C195D096E097F094038B2
:10226000514C6F4F7F4F2CF0C482D582E682F782AB
:10227000BFCF88E10E9429108F929F92AF92BF92A8
:10228000CF92DF92EF92FF920F931F93CF93DF9342
:10229000EC01EA8DFB8D8C8D80830E943D4F0E8971
:1022A0001F89288D398DAB01BC01400F511F621F62
:1022B000731F8E859F85A889B9890197A109B109E6
:1022C00080FF19C02CA524FD1AC08E879F87A88B7C
:1022D000B98B4C835D836E837F8381E0DF91CF91E7
:1022E0001F910F91FF90EF90DF90CF90BF90AF9034
:1022F0009F908F9008950097A105B10571F1888492
:102300009984AA84BB840A891B892C893D89080D7C
:10231000191D2A1D3B1D0A8B1B8B2C8B3D8BCC84DE
:10232000DD840D2C000CEE08FF08C80CD91CEA1C3B
:10233000FB1CC886D986EA86FB86E32F041715079F
:102340002607E70BE7FDC1CF8E879F87A88BB98B48
:102350000C831D832E833F83C0CF4C835D836E83AC
:102360007F83CE01DF91CF911F910F91FF90EF906E
:10237000DF90CF90BF90AF909F908F900C943310D0
:102380008F929F92AF92BF92CF92DF92EF92FF9285
:102390001F93CF93DF93EC01EF8CF8A0E114F104CD
:1023A00009F400C1F7018081918198A38F8F868005
:1023B0009780A084B18411E081149104A104B10438
:1023C00009F4B6C06C897D898E89412F0E94B64D73
:1023D00080916E0290916F02F70191838083F09259
:1023E0006F02E0926E0281149104A104B10489F19C
:1023F0008B8D9C8DAD8DBE8D88169906AA06BB0669
:1024000040F54F89588D698D7A8D411551056105CB
:10241000710509F4BBC08C819D81AE81BF81480FDD
:10242000591F6A1F7B1F1660EF8DF8A13097B9F115
:10243000C280D380E480F580872F4C155D056E0542
:102440008F0987FDB2C08BA1912F9270B701A601B1
:102450007EC08BA121E081149104A104B10409F094
:1024600069C084FB992790F931E09327291709F473
:1024700042C04F89588D698D7A8D4115510561058E
:102480007105C9F18C819D81AE81BF81480F591FB3
:102490006A1F7B1F1460EF8DF8A1309749F62BA1BE
:1024A000488B598B6A8B7B8B2071212B2BA3212F7F
:1024B000247011FF65C0880D991DAA1DBB1D211137
:1024C00058C025E43CE03B832A838C839D83AE8304
:1024D000BF8388869986AA86BB868B8D9C8DAD8DA1
:1024E000BE8D88199909AA09BB098C879D87AE877B
:1024F000BF8781E011C090E0EF8DF8A1309719F50A
:10250000188A198A1A8A1B8A8071812B8BA3212F22
:10251000247080E091113EC0DF91CF911F91FF9018
:10252000EF90DF90CF90BF90AF909F908F900895E5
:1025300010E048CF20E084FB992790F931E0932701
:10254000291397CFD8CF4281538164817581488BFD
:10255000598B6A8B7B8B80711460182B1BA399237A
:1025600079F08C819D81AE81BF81880D991DAA1D56
:10257000BB1D2B2F84179507A607270B27FDA1CF7F
:102580004C835D836E837F8381E0C6CF12608BA115
:1025900092E0B2CF40E050E0BA018C819D81AE81E3
:1025A000BF8189CF85E10E94291083E10E94291013
:1025B00080912802882329F0823011F0109228029D
:1025C000089582E00E94291088E00E9429109091CD
:1025D0005602891798F490E0880F991F880F991F69
:1025E000E0915702F0915802E80FF91F8081918124
:1025F0008617970719F48281938108958CE00E94D1
:102600002910CF93DF93EC0160E775E188810E9488
:10261000E712288539854C8160E0DF91CF910C94D9
:10262000D30D8F929F92AF92BF92EF92FF920F9332
:102630001F93CF93DF937C0160E775E1FC018081FC
:102640000E94E7128C01F701C085C43008F07FC0FA
:10265000FC01D581D67009F07AC0F7018484958495
:10266000A684B78484819581A681B781892B8A2B22
:102670008B2B09F06EC0EFE4F7E1A591B4911196B0
:102680008C9180FD04C060E088E00E94D84D60E03D
:1026900089E00E94D84D60E08AE00E94D84D60E059
:1026A0008BE00E94274D80E58CBD1DBC81E081142C
:1026B000F2E19F06FAE7AF06B10470F5811489E0F4
:1026C00098068DE3A806B104E0F581E0D1E0E0E8EA
:1026D0008E16E4E89E06EEE1AE06B104E8F480E072
:1026E000D1E0F0E48F16F2E49F06FFE0AF06B104FC
:1026F00098F480E2881681EA980687E0A806B1047B
:1027000018F580E0D3E0E0E98E16E0ED9E06E3E008
:10271000AE06B10408F0D2E0CC0FCC0FC065CD2BD3
:10272000F801C0838183858184608583DF91CF91A7
:102730001F910F91FF90EF90BF90AF909F908F905F
:10274000089580E0D0E0E8CF81E0D2E0E5CF0E94BC
:10275000301088E30E94291060E775E10C94E712BD
:102760000F931F93CF93DF938C016FE975E1FC0109
:1027700080810E94E712EC016AEA7AE4F801848120
:102780000E94E712CF5ADF4F99838883DF91CF9160
:102790001F910F9108950F931F93CF93DF938C0197
:1027A00062E176E1FC0180810E94E712EC0166EEB5
:1027B00075E1F80184810E94E712BE01685D7F4FD8
:1027C0004FB7F8942AA53BA5232B89F422E83BE1D7
:1027D0003BA72AA7FC012489358939A728A7758B2F
:1027E000648B4FBFDF91CF911F910F91089589E1C5
:1027F0000E942910CF93DF93EC0162E176E188819A
:102800000E94E712FC018C819D81AE81BF81F8940A
:102810004685578560897189452B462B472B79F46E
:1028200084839583A683B783828B938BA48BB58B8C
:1028300084A5877F84A77894DF91CF91089586E15E
:102840000E942910CF93DF93EC0162E176E1888149
:102850000E94E712FC018C819D81AE81BF81892B92
:102860008A2B8B2B51F480E0F89494A59D7F982BB4
:1028700094A77894DF91CF91089582E0F5CFCF931C
:10288000DF93EC0163EC76E188810E94E712F89413
:10289000FC01278D30A1232B61F44C815D816E8179
:1028A0007F81438F548F658F768F7894DF91CF919E
:1028B000089584E10E942910FC0113821282118282
:1028C000108280915E0290915F02892B41F4809189
:1028D0005D028617170614F460935D0208958EE07A
:1028E0000E9429102FB7F89480916E0290916F0288
:1028F000009749F0FC014081518150936F02409351
:102900006E022FBF08958FE00E942910CF93DF93AE
:10291000C0915902D0915A02AE01480F591F2DB7EC
:102920003EB721503F4F22273A952417350770F0C4
:1029300050935A0240935902AC0170E060E0CE011E
:102940000E942A58CE01DF91CF91089581E10E9423
:1029500029100F931F93CF93DF938C0180915E0218
:1029600090915F02892B09F049C060915D0270E08F
:10297000623028F482E080935D0262E070E0E091D2
:102980005902F0915A024DB75EB741505F4F44274C
:102990005A959F01D0E0C0E0C901860F971F4817E4
:1029A000590730F121969C01C115A4E0DA07A1F77F
:1029B0008E1B9F0B0E948614D0935F02C0935E0211
:1029C00090935C0280935B020E94DE0CF801808190
:1029D0009181A281B3818093600290936102A09360
:1029E0006202B0936302DF91CF911F910F9108951E
:1029F000C9012097E9F680E10E9429108DE00E942C
:102A00002910CF932091570230915802232B91F433
:102A1000FC01C0818C2F90E0880F991F880F991FAF
:102A20000E9486149093580280935702C0935602D6
:102A3000CF9108958AE00E942910CF93DF9390915F
:102A40005602891700F5282F30E0220F331F220F7E
:102A5000331FC0915702D0915802C20FD31F8881F3
:102A60009981892B81F480915E0290915F02892B7C
:102A700051F479836883CA010E9486149B838A83F8
:102A8000DF91CF9108958BE00E942910CF92DF92C1
:102A9000FF920F931F93CF93DF93EC0160E775E1F3
:102AA0008C810E94E7126C01F8840F2D10E0A801C0
:102AB0004D5F5F4F66E475E188810E941D15FC0142
:102AC000D182C082F2826C857D85A8010396DF9158
:102AD000CF911F910F91FF90DF90CF900C940F58E2
:102AE000FF920F931F93CF93DF938C0146E050E04A
:102AF00060E775E1FC0180810E941D15EC01F80181
:102B0000F08461E0F11060E0F80184810E94D84D0A
:102B10006A837B838C838D8191E0F11099E0892B0E
:102B20008D83DF91CF911F910F91FF90089546E023
:102B300050E060E775E1FC0180810C941D15CF9396
:102B4000DC0114969C91149730E020E005C02F5FC3
:102B50003F4F20313105B9F1C22FF901EA5AF94E40
:102B6000E4919E13F4CF87E980937A002830E8F44B
:102B700080917E0021E030E00C2E01C0220F0A94EB
:102B8000EAF7822B80937E0043E550E06FE975E120
:102B90008C910E941D15FC0187E49DE09383828344
:102BA000C28F81E0858FCF91089580917D00922F13
:102BB000977021E030E001C0220F9A95EAF7822B4E
:102BC00080937D00E1CF87E30E94291049E150E026
:102BD00066EE75E1FC0180810E941D152AE23CE051
:102BE000FC013383228328EB3FE03387228708955B
:102BF0000F931F93CF93DF93EC014DE150E068EF0B
:102C000075E188810E941D158C0168858C810E9468
:102C1000274DF801608771878287DF91CF911F91DF
:102C20000F910895EF92FF920F931F93CF93DF932D
:102C30008C014DE250E062E176E1FC0180810E946E
:102C40001D15EC01F801848518160CF045C084E0D0
:102C50008CA764E084810E94D84D6A8F7B8F8C8F13
:102C600060E0F80180850E94D84D6D8F7E8F8F8F38
:102C700080E090E0A0E0B0EC88A399A3AAA3BBA356
:102C8000F80180899189A289B3898E8B9F8BA88F47
:102C9000B98F6BE070E0CE0184960E945C148E893F
:102CA0009F89A88DB98D8997A105B10558F08CE34E
:102CB00091E19B838A83DF91CF911F910F91FF90C8
:102CC000EF9008958CA580638CA7DF91CF911F9121
:102CD0000F91FF90EF9008957E01F4E2EF0EF11C4A
:102CE000811128C06CA56470F80184810E94D84DC0
:102CF0006A8F7B8F8C8F60E0F80180850E94D84DB1
:102D00006D8F7E8F8F8F80E090E0A0E0B0EC88A385
:102D100099A3AAA3BBA3F80180899189A289B38949
:102D20008E8B9F8BA88FB98F6BE070E0C7010E94DC
:102D30005C14B5CF80E18CA760E0F80184810E942B
:102D4000D84D6A8F7B8F8C8F60E0F80180850E9460
:102D5000D84D6D8F7E8F8F8F80E090E0A0E0B0EC3B
:102D600088A399A3AAA3BBA3F80180899189A2890A
:102D7000B3898E8B9F8BA88FB98F6BE070E0C701F2
:102D80000E945C1494CFCF92DF92EF92CF93DF93A7
:102D9000EC0161E088859985AA85BB85892B8A2B02
:102DA0008B2B09F460E08C810E94D84D6B01E82EDA
:102DB00044E250E063EC76E188810E941D15FC013D
:102DC000C48AD58AE68A21E0488559856A857B854B
:102DD000452B462B472B09F420E04C855D856E85FD
:102DE0007F85452B462B472B09F02061FC0123A34F
:102DF000488959896A897B89478B508F618F728F87
:102E00006AE070E04F96DF91CF91EF90DF90CF9026
:102E10000C945C142F923F924F925F926F927F922C
:102E20008F929F92AF92BF92CF92DF92EF92FF92DA
:102E30000F931F93CF93DF9300D000D01F92CDB795
:102E4000DEB7809155028823C9F027960FB6F89413
:102E5000DEBF0FBECDBFDF91CF911F910F91FF90CD
:102E6000EF90DF90CF90BF90AF909F908F907F902A
:102E70006F905F904F903F902F90089581E08093E6
:102E800055027E012FE1E20EF11C2091A403309146
:102E9000A3033B83432F50E02317D0F40D8D1E8DE9
:102EA0000E5F1F4FF8018491840F952F911D81367D
:102EB00091059CF1ED8DFE8D3396E491421B5109F5
:102EC0004E0F511D4136510560F010925502BDCF95
:102ED0001092A3031092A40350E040E01B8220E074
:102EE000DDCF1092A3036091A403FB81F61BFB834B
:102EF000CF2ED12C70E06D5B7C4FA60183E493E074
:102F00000E9418581092A4032B812093A303809150
:102F1000C10080628093C100A601CA018D5B9C4FF5
:102F20009D838C83F8010491102F063008F480C033
:102F30009C012E5F3F4FB0E62B2EFB812F1A02150E
:102F400008F46DC1822D8550990B1C01220E331E91
:102F5000ED8DFE8D34966491ED8DFE8D3596459008
:102F600054908201ED8DFE8D85919491803891056C
:102F700008F057C1D90111968F77F9018083460E69
:102F8000511C3101FFEF6F1A7F0A0415150509F472
:102F900045C09D012E5F3F4F2216330608F495CFA2
:102FA000F80184910F5F1F4F853009F469C008F460
:102FB00090C0883008F04EC1F701C080D180460132
:102FC0000D2C000CAA08BB08A1014A1B5B0B052EA7
:102FD000000C660B770B84169506A606B70608F05C
:102FE00074CF9D012F5F3F4F3A8329838C92470115
:102FF00034E0830E911C62817381A601863009F44E
:10300000F8C089819A810E940F58A981BA81AC0DBC
:10301000BD1D74010415150509F0BBCF2A163B062A
:1030200008F453CF8C819D81A81BB90B13E01A0FB4
:10303000112309F44ACFAC81BD811C938091080211
:1030400011968C9311976DEF610FCD010E94A250E4
:103050002C813D81210F311DF901339790833196E9
:103060008083215031098EE7F9018083AB81A10F64
:10307000A093A3038091C10080628093C10025CFFB
:10308000B7016E5F7F4FF70120813181AD014F5F46
:103090005F4FF90180818823A1F02416350688F05E
:1030A0002F5F3F4FFA0104C0FA014615570549F05A
:1030B000AF014F5F5F4F8083F90181919F018111C3
:1030C000F3CFCA018A1B9B0B81508C937B01DA01E1
:1030D0005CCFF701823008F484C0819091907F0129
:1030E000B12CA12C833021F4092C000CAA08BB08B8
:1030F000FD013196FA83E983B501A401405E5F4F7B
:103100006F4F7F4F403851056105710508F45DC070
:103110003F832E83B501A401505F6F4F7F4F411550
:1031200050446105710508F469C06D0183E0C80E63
:10313000D11CB501A401685F7F4F41155105604264
:10314000710508F47EC09D012C5F3F4FB501A401BD
:103150007C5F4115510561057041C8F0B501A401BE
:10316000FCE17695679557954795FA95D1F7642FC9
:1031700060686C93BD016B5F7F4FA981BA818E81BE
:103180009F819A838983DF82CE8269019B01B50189
:10319000A401E5E17695679557954795EA95D1F7AE
:1031A000642F60686C93D90129813A81DA82C982DF
:1031B000B501A4019EE076956795579547959A9538
:1031C000D1F74068F90140831CC099818A81BA8394
:1031D000A983A92FB82F882D8F77E981FA81808361
:1031E000D4CE80809180A280B380C70104967C01F8
:1031F0007FCF89819A810E94F95707CFBF83AE8321
:10320000D901B501A40187E0769567955795479553
:103210008A95D1F74068EE81FF814083DCCF202E74
:1032200091CE2C813D812D5F3F4FFC01EE0FEF2FA2
:10323000EE1FFF0BF195E068AC81BD811296EC9317
:1032400099CEE981FA81FF83EE833A8329839D0138
:10325000D601AECF86E00E942910FF920F931F93F4
:10326000CF93DF93EC01188160E775E1812F0E9415
:10327000E7120C81F884C9852F2D3C2F402F61E087
:103280000E94D30DCF93FF921F920F931F921F9313
:1032900084EE96E19F938F930E940A178DB79EB795
:1032A00008960FB6F8949EBF0FBE8DBFDF91CF91E9
:1032B0001F910F91FF900895CF93FC01C08168EF9B
:1032C00075E18C2F0E94E712FC01F894818D3389FF
:1032D0004489558966897894A085B1859C91228519
:1032E000922321E009F420E01F922F936F935F93C4
:1032F0004F933F93869581701F928F931F92CF9328
:1033000089EF96E19F938F930E940A178DB79EB71E
:103310000C960FB6F8949EBF0FBE8DBFCF91089547
:10332000CF93FC01C08162E176E18C2F0E94E7120D
:10333000FC01F89480A191A1A2A1B3A124A5468586
:1033400057856089718924FD04C0769567955795E6
:103350004795841B950BA60BB70BB7FF07C0B0951D
:10336000A095909581959F4FAF4FBF4F7894B054E3
:10337000BF93AF939F938F931F92CF9380E097E17A
:103380009F938F930E940A178DB79EB708960FB62A
:10339000F8949EBF0FBE8DBFCF910895FC0185812B
:1033A0008F9384818F9380811F928F938EE097E11A
:1033B0009F938F930E940A170F900F900F900F907A
:1033C0000F900F900895DC012C911496ED91FC91D3
:1033D0003FB7F8942130E9F02230B1F0808190E0DD
:1033E000B0E0A0E03FBFBF93AF939F938F9387E080
:1033F00097E19F938F930E940A170F900F900F9061
:103400000F900F900F90089580819181A281B381D8
:10341000E9CF80819181B0E0A0E0E4CFCF92DF924C
:10342000EF92FF92FC01408151816281738124817E
:10343000E2E5F6E185919591A591B4914817590778
:103440006A077B0770F56A017B01C20ED11CE11C83
:10345000F11C8C159D05AE05BF0500F5841B90E0A1
:103460009A012E50384F3F932F939F938F937F93C2
:103470006F935F934F9381E397E19F938F930E94A4
:103480000A178DB79EB70A960FB6F8949EBF0FBE67
:103490008DBFFF90EF90DF90CF900895822F90E046
:1034A000DFCF90E080E0DCCFCF92DF92EF92FF920F
:1034B0000F931F930E943D4F9F938F937F936F9322
:1034C000C12CD12C7601C39400916802109169023D
:1034D00020916A0230916B0260177107820793078F
:1034E00018F0C12CD12C76014091640250916502F4
:1034F0006091660270916702D701C601840F951F23
:10350000A61FB71FBF93AF939F938F9383E297E15B
:103510009F938F930E940A178DB79EB70A960FB696
:10352000F8949EBF0FBE8DBF1F910F91FF90EF903B
:10353000DF90CF9008950E943D4F9F938F937F938C
:103540006F938CE197E19F938F930E940A170F90DE
:103550000F900F900F900F900F90089580915E0242
:1035600090915F029F938F9321E030912802311157
:1035700001C020E01F922F93209163022F9320918E
:1035800062022F93209161022F93209160022F936A
:1035900021E0892B09F420E01F922F9385E197E128
:1035A0009F938F930E940A178DB79EB70C960FB604
:1035B000F8949EBF0FBE8DBF089584E00E9429102D
:1035C0000F931F934FB7F894E0912202F0912302DA
:1035D000E817F90729F420C028173907B9F0F901CD
:1035E0002081318121153105B9F7209124023091D4
:1035F00025022817390731F482E192E090932502E1
:10360000809324024FBF1F910F910895DC012D91EB
:103610003C9131832083E9CFDC0114960D911D91FB
:103620002D913C911797009304021093050220936B
:103630000602309307022D913C91309301022093B2
:10364000000220E032E03093230220932202CDCF0B
:10365000EF92FF921F93CF93DF937C01FC011081C7
:1036600066EE75E1812F0E94E712EC01F894F701F4
:1036700064810E94830FCE010E94E01ACE01089659
:103680000E94E01A1E8A8F8978941F921F921F92BF
:103690001F921F928F931F921F921F921F9382EF70
:1036A00096E19F938F930E940A178DB79EB70C9651
:1036B0000FB6F8949EBF0FBE8DBFDF91CF911F91C3
:1036C000FF90EF900895CF93DF93EC010E94E01AF2
:1036D000CE0108960E94E01AEC89FD89309751F0DE
:1036E000908181811382128211821082E92FF82F3A
:1036F0003097B1F71D8A1C8A188E1F8A1E8ADF91A7
:10370000CF910895CF92DF92EF92FF920F931F9384
:10371000CF93DF938C01EC01A897CE010E94E01AB1
:103720001C821D821E821F821A8A1B8A1C8A1D8A85
:1037300048A159A16AA17BA18CA5CE84DF84E88829
:10374000F98884FD04C0F694E794D794C7944C1983
:103750005D096E097F09CC24DD247601C41AD50ADF
:10376000E60AF70A77FD02C0B701A60148A359A3EC
:103770006AA37BA31E861F86188A198A84738860B1
:103780008CA76D8D7E8D8F8D40E00E94B64D4CA52F
:1037900044FF27C045FD25C0D8011497ED91FC9149
:1037A00011973097A9F040916E0290916F0201C07D
:1037B000F9012081318140839183F0936F02E0937E
:1037C0006E024E2F9F2F2115310591F71D921C92ED
:1037D000DF91CF911F910F91FF90EF90DF90CF90ED
:1037E000089544706A8D7B8D8C8D0E94B64DD4CF28
:1037F000AF92BF92CF92DF92EF92FF921F93CF933F
:10380000DF93DC011496CD90DD90ED90FC9017973E
:103810001FB7F894C0912202D09123022F2D4C8122
:103820005D816E817F818F2DC416D506E606870BDC
:1038300087FD1FC0FE010990D881C02D4C815D819C
:103840006E817F81922FC416D506E606970B97FFEF
:10385000F1CF1196DC93CE93B183A0831FBFDF918C
:10386000CF911F91FF90EF90DF90CF90BF90AF90DE
:1038700008955D010E943D4F2F2DC616D706E8061C
:10388000290B27FD25C082E0C030D80741F1F501A2
:10389000D183C083C0920402D0920502E092060256
:1038A000F0920702B0920102A092000280E092E042
:1038B000909323028093220280918400909185004E
:1038C000C296909389008093880082E086BBC6CF21
:1038D000809128028111D7CF83E00E942910809126
:1038E000000290910102F50191838083D3CF0F9361
:1038F0001F93CF93DF938C016FE975E1FC01808109
:103900000E94E712EC010E94E01A909109028A8D50
:10391000981303C08FEF80930902F8018481958189
:10392000A681B781888B998BAA8BBB8B8C839D8357
:10393000AE83BF8380859185A285B3858C879D8763
:10394000AE87BF8784858E8F91E0980F9D8F4089C9
:10395000518962897389488759876A877B879489E7
:103960009F8F18A2208D318D3F8B2E8B248D358D0E
:10397000398F288F20A12C8F882349F0913360F450
:10398000CE01DF91CF911F910F910C94F81BDF9125
:10399000CF911F910F9108958AE10E942910EF9213
:1039A000FF920F931F93CF93DF938C0166EE75E127
:1039B000FC0180810E94E712EC01F8948E8980FF5F
:1039C00013C07E01F8E0EF0EF11CC7010E94E01A5F
:1039D000F80184819581A681B7818C879D87AE8708
:1039E000BF87C7010E94F81B7894DF91CF911F9188
:1039F0000F91FF90EF9008950F931F93CF93DF9354
:103A00008C0166EE75E1FC0180810E94E712EC01F9
:103A1000F8940E94631B81E08E8BF801848195816C
:103A2000A681B7818C839D83AE83BF83808591857A
:103A3000A285B385888B998BAA8BBB8B892B8A2B0C
:103A40008B2B19F0CE010E94F81BF8018485888F1A
:103A50007894DF91CF911F910F9108950F931F9349
:103A6000CF93DF938C0168EF75E1FC0180810E94A8
:103A7000E712EC010E94E01AF80184819581A68189
:103A8000B7818C839D83AE83BF8380859185A2851A
:103A9000B3858F87988BA98BBA8B84858A8F88236F
:103AA00059F140895189628973894B875C876D8799
:103AB0007E8729EF3FE03B832A838B8F848995891A
:103AC000A689B789892B8A2B8B2BA1F482E0898F59
:103AD00066EE75E1F801808D0E94E712988F8F8B5A
:103AE000F801848D8C8FCE01DF91CF911F910F91C2
:103AF0000C94F81B83E0EBCF188E1F8A198EDF9190
:103B0000CF911F910F9108950F931F93CF93DF9340
:103B10008C0162E176E1DC018C910E94E712EC01FC
:103B20000E947214FC01D80114964D915D916D9123
:103B30007C911797428353836483758318968D9184
:103B40009C91199791878087892B09F464C01C96F2
:103B50008D919C91978386831286F8948CA5282F4B
:103B6000217081FB992790F9291729F091E0892785
:103B70009285916092874E855F8568897989452B0A
:103B8000462B472B59F583FD19C08CA71182108253
:103B90008CA19DA1892BD1F1AEA1BFA1ED93FC9386
:103BA000FFA3EEA3CE010E943310CE010E94F81BAA
:103BB0007894DF91CF911F910F91089580916E02BB
:103BC00090916F0291838083F0936F02E0936E0275
:103BD0007894DF91CF911F910F9108958CA7118256
:103BE00010828CA19DA1892B61F0AEA1BFA1ED93A4
:103BF000FC93FFA3EEA37894DF91CF911F910F91D7
:103C00000895FFA3EEA3FDA3ECA3D2CFFFA3EEA3E1
:103C1000FDA3ECA3C7CF87E10E9429108F929F924A
:103C2000AF92BF92EF92FF920F931F93CF93DF93C8
:103C30008C0163EC76E1FC0180810E94E712EC01CB
:103C40000E94E01A8F8D98A1892B09F057C0F801C6
:103C5000E4801BA101E0EE2049F16C897D898E8909
:103C6000402F0E94B64DF12FF071FF2E81E0E11040
:103C70001BC01295117091E01927811741F08F89AF
:103C8000988DA98DBA8D892B8A2B8B2B89F40F29BE
:103C90000BA3DF91CF911F910F91FF90EF90BF90F9
:103CA000AF909F908F90089580E0E3CF00E0D5CF54
:103CB0000E943D4F8F88988CA98CBA8C860E971ED7
:103CC000A81EB91E888A998AAA8ABB8A8C829D827C
:103CD000AE82BF8280EC91E19B838A830460F02AEC
:103CE000FBA2CE01DF91CF911F910F91FF90EF903A
:103CF000BF90AF909F908F900C94F81B82E10E9430
:103D00002910CF92DF92EF92FF920F931F93CF93E0
:103D1000DF938C0163EC76E1DC018C910E94E71269
:103D2000EC010E947214FC01D8011496CD90DD9034
:103D3000ED90FC901797C282D382E482F5821896A8
:103D40004D915D916D917C911B9746835783608760
:103D50007187F894118210828F8D98A1892B81F040
:103D6000A9A1BAA1ED93FC93FAA3E9A37894DF91FA
:103D7000CF911F910F91FF90EF90DF90CF9008951A
:103D8000FAA3E9A3F8A3EF8F8BA182FD25C0C88A0F
:103D9000D98AEA8AFB8A982F94609BA381FD10C080
:103DA000CE010E94E01ACC82DD82EE82FF8280EC9E
:103DB00091E19B838A83CE010E94F81B7894D7CF30
:103DC0004C815D816E817F81872F4C155D056E056D
:103DD0008F0987FDF3CFE4CF488959896A897B89A8
:103DE000972F4C155D056E059F0997FFD0CF83E196
:103DF0000E942910CF93DF93CDB7DEB7CD54D10900
:103E00000FB6F894DEBF0FBECDBF0E943D4F28967F
:103E10006CAF7DAF8EAF9FAF289780912602811146
:103E2000F2C481E08093260280916C02882309F419
:103E300042C010926C028FEF89839E012F5F3F4F2B
:103E4000190102EF16E166EE75E1C1010E94A90CAD
:103E50007C01892B81F1D70156968C9182FFF3CF9B
:103E60000E943D4FF894F70137892689422F4B7FF6
:103E7000468B78949F938F937F936F931F923F937A
:103E800021701F922F9389811F928F931F930F93FD
:103E90000E940A172DB73EB7245F3F4F0FB6F89424
:103EA0003EBF0FBE2DBF66EE75E1C1010E94A90C99
:103EB0007C01892B81F680916D02882369F1109233
:103EC0006D028FEF8983AE014F5F5F4F1A014BEE9A
:103ED000C42E46E1D42E6FE975E1C1010E94A90C00
:103EE0008C01892BC9F0D8015D969C915D975E96F7
:103EF0008C915E979813EFCFF894F801858D968D8D
:103F0000891709F4EDC478946FE975E1C1010E9445
:103F1000A90C8C01892B39F780917002882321F13B
:103F2000109270028FEF89839E012F5F3F4F19011E
:103F300006ED16E164E87CE3C1010E94A90C00973C
:103F400099F0DC0158962C9158972F3F99F7F894E7
:103F5000FC012685211179C4789464E87CE3C101D1
:103F60000E94A90C009769F7809171028823E1F102
:103F7000109271028FEF8983AE014F5F5F4F1A017C
:103F80000FEC16E164E27AE3C1010E94A90CFC0186
:103F9000892B51F1868583FFF5CFF8948685877F3D
:103FA00086877894CF014A969F938F9380898695D0
:103FB000869586951F928F9389811F928F931F9369
:103FC0000F930E940A176DB77EB7685F7F4F0FB6D9
:103FD000F8947EBF0FBE6DBF64E27AE3C1010E9418
:103FE000A90CFC01892BB1F680917202882309F497
:103FF00048C0109272028FEF8983CE0101961C0196
:1040000001EC16E160EF77E3C1010E94A90CFC010D
:10401000892BB9F1848D80FFF5CFF89494812581A7
:1040200036814781548965897689A789B08DF18C5D
:10403000E28CD38C848D8E7F848F7894DF92EF9284
:10404000FF92BF93AF937F936F935F934F933F9391
:104050002F939F9389811F928F931F930F930E9499
:104060000A17ADB7BEB750960FB6F894BEBF0FBED5
:10407000ADBF60EF77E3C1010E94A90CFC01892B61
:1040800049F680917302882309F456C01092730296
:104090008FEF8AABFE01F2961F013FE0832E6CEB9F
:1040A0007BE3C1010E94A90C5C01892B09F444C087
:1040B000D50159968C91599780FFF1CFF894F5016D
:1040C0004480558066807780818D8E7F818F789443
:1040D00058968C915897813011F40C946E2810F4F6
:1040E0000C944E28823011F40C949E288330B9F63B
:1040F000CAA819821A829E012F5F3F4F42E061E0F9
:10410000848995890E94D30D09811A81102701277E
:104110001027F02FF670EF2E30E020E0B301A2015F
:10412000C5010E94ED426CEB7BE3C1010E94A90C2A
:104130005C01892B09F0BCCF809174028823F9F0CF
:10414000109274028FEF8AAB8E010E5C1F4F180124
:1041500089E0A82E0153110992EFB92EDD24DA94DB
:1041600006C0D7011E968C911E9780FD1FC663ED79
:1041700077E3C1010E94A90C7C01892B91F7809102
:104180007502882341F1109275028FEF8DABFE010D
:10419000F5967F0180E3782E8824839498E2592E47
:1041A0008E010F5F1F4F580128EA922E31E3432EF4
:1041B00048EE342E5FE2252E06C0D6011F968C9164
:1041C0001F9780FD33C666E77BE3C7010E94A90CF9
:1041D0006C01892B91F780917602882341F110922E
:1041E00076028FEF8DABFE01F5967F01E0E37E2E28
:1041F00088248394F4E29F2E8E010F5F1F4F580195
:10420000A1E35A2EB4EA4B2E12E2312E02EA202EFE
:1042100006C0D6011F968C911F9780FD2BC66BE3BD
:104220007BE3C7010E94A90C6C01892B91F7809157
:1042300077028823D1F0109277028FEF8DABFE01C9
:10424000F5967F0164E7A62E72E7B72E06C0D60169
:1042500052968C91529780FD35C664EB77E3C70187
:104260000E94A90C6C01892B91F780917802882318
:10427000D9F0109278028FEF8DAB8E010B5C1F4F3F
:10428000780132E7A32E40E7B42E06C0D60152963D
:104290008C91529780FD49C66DE877E3C7010E9473
:1042A000A90C6C01892B91F7809179028823B9F0D0
:1042B000109279028FEF89838E010F5F1F4F1801D3
:1042C00006C0D80119968C911997811161C669E0D1
:1042D0007BE3C1010E94A90C8C01892B91F780918D
:1042E0007A028823B1F010927A028FEF89838E01CF
:1042F0000F5F1F4F180105C0D8011D96FC90F0FC00
:10430000F5C369E77AE3C1010E94A90C8C01892BEE
:1043100099F780917B028823B9F010927B028FEF8E
:104320008AAB8E010E5C1F4F180106C0D801519652
:104330008C9151978111C4C467E677E3C1010E9453
:10434000A90C8C01892B91F780917C02882309F1BB
:1043500010927C028FEF8AAB8E010E5C1F4F18010A
:1043600052E1E52E9E012F5F3F4F690139013FEF7A
:10437000631A730A06C0D80151968C915197811126
:1043800052C363E87DE4C1010E94A90C8C01892B12
:1043900091F780917D02882309F498C010927D02E4
:1043A0008FEF8AABFE01F2961F0177247A9467EDB6
:1043B0007AE4C1010E94A90C7C01892B09F486C012
:1043C000D7011E968C9180FFF2CF6AA8BE016F5F65
:1043D0007F4FC7010E942A569C01F894F7019685E9
:1043E0009E7F96877894232B09F004C3898183FFED
:1043F000DECFA388B12C6501F4E1CF0ED11CCE0C29
:10440000DF1CD7011C968D919C911BAA860122E08E
:10441000AE014D5C5F4F61E00E9447444C01F701E3
:104420008485958521E02CAB0E5F1F4F22E0AE0105
:104430004C5C5F4F61E00E94474488299929892B91
:1044400011F00C94F82BF701EA0DFB1D4489F601DD
:104450001181F701E65BFF4F808191814F3F11F49D
:104460000C94862C50E070E060E0742F662755278E
:104470004427F6012381422B612B2281522B8A0192
:104480009B01002711272227307E012B022B032BB3
:1044900011F40C94132C60E00E941155D70153962F
:1044A0008C9153978C5F53968C93803308F47FCF15
:1044B000662DC7010F960E94A25567ED7AE4C101EF
:1044C0000E94A90C7C01892B09F07ACF80917E0291
:1044D000882309F47FC010927E028FEF8AABFE0121
:1044E000F2961F018E010A5F1F4F1FAB0EAB9E019C
:1044F0002D5F3F4F39AF28AFAE01475F5F4F5BAFD6
:104500004AAF66EB7BE4C1010E94A90C2C01892B08
:1045100009F460C0D2011E968C9182FFF2CFF8940C
:10452000F20184809580A680B780F1881686118A72
:10453000789480859185A285B385881A990AAA0AFC
:10454000BB0A82010E5E1F4F68011F2D1150A8F09B
:10455000D20156968C91F201E80FF11DBFEFB78B97
:10456000108E118E8D5FF201868B813378F36AA9EC
:10457000C6010E94A255115058F7F12ED2011F9684
:10458000DC90DD2009F402C2B1E0DB1609F4D7C3E8
:10459000F2E0DF1611F40C94F82AF3E0DF1611F4C0
:1045A0000C947A2BB4E0DB1611F40C94182CF20165
:1045B0007689713308F4A5CF6AA9C20142960E9498
:1045C000A25566EB7BE4C1010E94A90C2C01892B4A
:1045D00009F0A0CFA89580918102882329F080E47A
:1045E0008093600010928102E0904203EE2009F473
:1045F00075C080913002182F80FD16C034E03E1542
:1046000008F06CC0809082029BEF980D9C3308F0FC
:1046100047C7F09083029F2D907F903109F41CC70B
:10462000182F1160109330024E2D50E06EE770E0AD
:1046300082E892E00E940258009741F01E7F10939A
:10464000300282589240EE24E394E80E11FD5BC7DD
:104650001260109330028BEE97E09F938F930E942D
:104660000A170F900F908E2C1FEF90E0C82CD12CC2
:1046700000914203F02EF81891F0892F90E04F2D11
:1046800050E0481B590BB601680F791F6E577D4FDC
:104690008E579D4F0E941858109226029F2D8FB75B
:1046A000F89420914203021761F08FBF00914203FA
:1046B000F02EF81811F78FB7F894209142030213E7
:1046C000F4CFF09242038FBF113041F48BEE97E0AC
:1046D0009F938F930E940A170F900F900E943D4F57
:1046E0004B015C0128960CAD1DAD2EAD3FAD28975A
:1046F000601B710B820B930BC0903902D0903A0271
:10470000E0903B02F0903C021FEFC11AD10AE10A8F
:10471000F10AC0923902D0923A02E0923B02F09242
:104720003C02409035025090360260903702709003
:104730003802460E571E681E791E4092350250926E
:10474000360260923702709238026115710521E0DD
:104750008207910508F09AC000913102109132024F
:1047600020913302309134020CAF1DAF2EAF3FAF1A
:104770009B01AC010E94FF56DC01CB0181509F4F91
:10478000AF4FBF4F892F9A2FAB2FBB270CAD1DAD5D
:104790002EAD3FAD800F911FA21FB31F0CAD1DADFD
:1047A0002EAD3FAD80179107A207B30718F48FEF26
:1047B0009FEFDC018093310290933202A093330289
:1047C000B0933402409168025091690260916A028C
:1047D00070916B0295018401041B150B260B370B9E
:1047E000B901A8014115544B644C744008F0E7C46A
:1047F00028968CAE9DAEAEAEBFAE289780912602B5
:10480000882309F40ECB0E943D4F2896CCACDDAC3A
:10481000EEACFFAC2897C61AD70AE80AF90AF89452
:104820008091260281110C94EA2B78940E943D4FCE
:1048300097018601060F171F281F391F28960CAFF6
:104840001DAF2EAF3FAF2897ECCA59963C915997B0
:1048500058963C937894AC01415F5F4F5F934F93C0
:104860001F922F9387891F928F9389811F928F9315
:104870001F930F930E940A172DB73EB7265F3F4F35
:104880000FB6F8943EBF0FBE2DBF54CB6115710516
:1048900010E18107910508F08ACF00913102109153
:1048A000320220913302309134020CAF1DAF2EAF93
:1048B0003FAF9B01AC0121503F4F4F4F5F4F232F24
:1048C000342F452F55270E94FF560CAD1DAD2EAD40
:1048D0003FAD060F171F281F391FD901C8015ECF32
:1048E0005496ED90FC9055975096BC9050975196E9
:1048F000AC90519752969C90529753968C905397A8
:104900008F5F5D968C937894A70170E060E0EF5A1A
:10491000FF4F808191810E94C750D8019096EC9101
:104920009097E00FF12FF11DE1A2F2A290968C91E9
:1049300090978E5F90968C939097282F30E02F5F02
:104940003F4F5F969C919217130611F00CF0C3CA6B
:1049500098012F5D3F4F3F932F931F928F938F921C
:104960009F92AF92BF9289811F928F93DF92CF92D5
:104970000E940A17F80110A20DB71EB7045F1F4F5F
:104980000FB6F8941EBF0FBE0DBFA5CA82E3898380
:104990001A820E943D4F6CAF7DAF8EAF9FAF9E01DC
:1049A0002F5F3F4F42E061E0F201848595850E94D0
:1049B000D30D0E943D4F0CAD1DAD2EAD3FAD601B24
:1049C000710B820B930B613273408105910508F0E6
:1049D000E4C1298127FFD6C6D20156967C91F20107
:1049E000E70FF11DF78A83E0808F118E7D5FF20162
:1049F000768BDFCD61E0E65BFF4F808191810E9485
:104A00001155D70153968C9190E0FC017496EE0DF0
:104A1000FF1D8E0D9F1DDC0154967C9271821282C7
:104A200081E083833BCDFAA855966C915597B62EBD
:104A3000BB0CB60EF6012E2D11922A95E9F746E031
:104A40004B0D960161E01F968D919C910E94D30DB4
:104A5000D80151961C92A3E0AB0D62E06B0D8FEF75
:104A60009FEFAA2321F1F601660D772D711D8FEFBF
:104A70009FEF21912927322F32953F702327422F14
:104A800050E0382FCA01982F88279295907F2827C9
:104A90003927CA01880F991F82959295907F982790
:104AA000807F9827822793276E177F0711F72A2F79
:104AB00030E0F601E20FF31F4081E2E0F0E0EC0F9E
:104AC000FD1F2E0F3F1FD9012C91342F8217930702
:104AD00009F009C6898182FF28C581E0F801838B2E
:104AE00042E06F2DC8010E94D6564BCCE980F801F8
:104AF0003F962A96FFAFEEAF2A973801F5E16F0E89
:104B0000711CF2FE8EC448E1B3012A968EAD9FADB2
:104B10002A970E9438412E966CAF7DAF8EAF9FAF23
:104B20002E9745E0B3012A968EAD9FAD2A970E943D
:104B30003841D8011C968C911C9790E09B6C9C018D
:104B4000990F440B550B24962CAF3DAF4EAF5FAF82
:104B5000249752966D917D918C9140E00E94C54DB5
:104B6000280132E1430E511C80E2C82ED12C812C49
:104B700090E8992EAA24AA94BA2C41E024968CADF0
:104B80009DADAEADBFAD249788219921AA21BB214F
:104B9000892B8A2B8B2B09F440E0D2016D917D91FA
:104BA0008C910E94B64DF894F301608171818281ED
:104BB00041E00E94B64D000000000000000000002F
:104BC00000000000000000000000D3016D917D9105
:104BD0008C9140E00E94B64D7894B694A794979437
:104BE0008794B1E0CB1AD10809F0C7CFF8016785E7
:104BF0007089818940E00E94104D41E0B3012A96FE
:104C00008EAD9FAD2A970E943841F894D8011D9629
:104C10009C918F2D892BB82FB470FB2E82FD16C46A
:104C20009C7FF80195877894F1106BCB2B962FAD74
:104C30002B972E964CAC5DAC6EAC7FAC2E977694D9
:104C4000679457944794769467945794479467FE73
:104C500002C077247A94982F987020FDACC59923D0
:104C600009F46EC621FD63C7F894D8011D968C9196
:104C70001D97877F84601D968C937894E3E0DE2EE9
:104C80006D2DF801E05BFF4F808191810E941155ED
:104C900090E020E0D8015C968C91F801E80FF11DBE
:104CA000F58E268F978FD0A28C5FF801848F80338A
:104CB00008F427CB6E2DC80148960E94A25521CB3F
:104CC000BAA819821A821B829E012F5F3F4F43E0D0
:104CD00061E01F968D919C910E94D30DF801118A7D
:104CE0008981CA80D12CF12CE12CFE2CED2CDC2CFE
:104CF000CC24E82A8B81C82AE7FE02C0FF24FA945C
:104D0000B701A601F801E55BFF4F808191810E9408
:104D1000C750D80157968C91F801E80FF11DC08E4D
:104D2000D18EE28EF38E8C5FF801878B803308F48E
:104D300003CB6B2DC80143960E94A255FDCA8FE795
:104D400089838EEF8A830E943D4F24966CAF7DAF9E
:104D50008EAF9FAF24979E012F5F3F4F42E060E0F0
:104D6000F201848595850E94D30D0E943D4F6CAF62
:104D70007DAF8EAF9FAFDC01CB0124960CAD1DAD96
:104D80002EAD3FAD2497801B910BA20BB30B81324C
:104D90009340A105B10508F48AC3D20156967C91CF
:104DA000F201E70FF11DF78A82E01ECECAA8F801D2
:104DB0002A2D11922A95E9F7B982980149E061E01C
:104DC0001C968D919C910E94D30DD70153968C9186
:104DD00090E0FC017496EE0DFF1D4B81242F207F87
:104DE00009F449C2203F09F446C2D482D382D28258
:104DF000D1828E0D9F1DFC01D48AD70153968C91D0
:104E000053978B5F53968C938F3228F06C2DC7018C
:104E10000F960E94A255D7011E968C911E978E7FE9
:104E20001E968C93C7010E94A142A1C96DA81E962F
:104E30008C911E9751969C915197903308F472C2B1
:104E4000882309F49DC5813009F44CC6D6015696D5
:104E50007C92662DC60142960E94A255F601818978
:104E60008053818B803308F474C2109226028092A2
:104E70007502A9C96DA81E969C911E9750962D91FA
:104E80003C9151972033310508F4A0C3992309F4CC
:104E9000B7C5913009F460C6D60156967C92662D4E
:104EA000C60142960E94A255F60180899189C09759
:104EB000918B808BC09708F40FC5109226028092C8
:104EC0007602ADC99DA81C968D919C911D97509618
:104ED0002D913C912033310508F447C2A982860107
:104EE000085E1F4F20E3AE014F5F5F4F61E00E94FD
:104EF00047440E94594680E3F601878B8089918957
:104F0000C097918B808B692DC60143960E94A25554
:104F1000D60150968D919C91C09708F44BC2109287
:104F2000260281E08093770298C99DA81C968D91F6
:104F30009C911D9750962D913C912033310508F49A
:104F400042C2A9828601085E1F4F20E3AE014F5F77
:104F50005F4F61E00E9447440E94594680E3F6019A
:104F6000878B80899189C097918B808B692DC60131
:104F700043960E94A255D60150968D919C91C09760
:104F800008F446C21092260281E08093780284C918
:104F9000F9801896EC9018972E2D30E052960D90CF
:104FA000BC91A02DF801D488858896889789295EC0
:104FB0003F4F40E050E0BA01AF2CBD2CF4019E2CD5
:104FC000F89490830000000090838C917894440FB3
:104FD000551F661F771F8B21C12CD12C7601C394DE
:104FE000811103C0C12CD12C76014C295D296E2979
:104FF0007F292150310920F7FA2CE92CF894D801A7
:1050000019962C91199719961C9278944A015B0174
:105010000E2C04C0B694A794979487940A94D2F760
:10502000A7FE02C0BB24BA9444244394512C01C06F
:10503000440CEA94EAF74A94512C712C612C4421D7
:10504000552166217721441655066606770609F430
:105050005DC220E030E040E050E8D8011E962D937C
:105060003D934D935C93519740E830E020E090E011
:10507000D8015C968C91F801E80FF11D958F268F71
:10508000378F40A38C5FF801848F803308F41FC9E9
:105090006F2DC80148960E94A25519C9CAA8198245
:1050A0001A821B821C829E012F5F3F4F44E061E009
:1050B000848995890E94D30D69817A818B819C8135
:1050C0000E940F57F62FF770EF2E8B019C01B30152
:1050D000A201C5010E94ED420C944F209AA80CE059
:1050E00009831A821B821C829E012F5F3F4F44E07E
:1050F00061E054968D919C910E94D30D69817A81D3
:105100008B819C810E940F576B017C0189821A82DE
:105110009E012F5F3F4F42E061E0F5018489958950
:105120000E94D30D970186013327C92CEA80B30171
:10513000A201C5010E94ED420C944F20CAA881E053
:1051400089831A821B821C829E012F5F3F4F43E09E
:1051500061E054968D919C910E94D30D69817A8172
:105160008B819C810E940F57672F782F892F992759
:105170008B019C01222733270CAF1DAF2EAF3FAF11
:1051800017E019831A829E012F5F3F4F42E061E0D2
:10519000D50154968D919C910E94D30D8A818C7F6C
:1051A000BCADB170EB2EE82A0CAD1DAD2EAD3FAD00
:1051B000B301A201C5010E94ED420C944F20BF93A0
:1051C000AF939F938F937F926F925F924F92FF92D4
:1051D000EF92DF92CF928AE297E19F938F930E94A2
:1051E0000A172DB73EB7225F3F4F0FB6F8943EBF68
:1051F0000FBE2DBF8091680290916902A0916A0252
:10520000B0916B0288169906AA06BB0698F48091A5
:10521000640290916502A0916602B09167020196C6
:10522000A11DB11D8093640290936502A093660254
:10523000B09367028092680290926902A0926A021B
:10524000B0926B021092310210923202109233022D
:1052500010923402109235021092360210923702E8
:10526000109238021092390210923A0210923B02C8
:1052700010923C02BDCA5D81252F207F19F0203F8E
:1052800009F0B3CD2F81322F307F19F0303F09F074
:10529000ACCD3885303909F0A8CD3985932EE89406
:1052A00097F8B0E2B91508F4A0CD30E08E0D9F1D3F
:1052B0006A81DC0154966C938C8181838E81828318
:1052C000842F8F71B901660F771F62957295707F79
:1052D0007627607F7627862B8383220F331F220F4A
:1052E000331F2076852F8F71822B8483F70183896A
:1052F0008B5F838B8F3208F011C6FEE1F91508F041
:1053000007C6D70151968D919C915297019652965E
:105310009C938E9351971092260281E080937402A1
:105320000C94B7201AAA882309F448C3813009F4E1
:1053300031C450968C91813009F4C7C380E08F73DB
:10534000982F990F890F880FF601818B803308F011
:10535000C7C3D6011F968C911F978E7F1F968C9383
:10536000C6010E9454420C94E320BAAA8E010F5F3A
:105370001F4F22E0AE014E5C5F4F61E00E94474448
:105380000E945946898190E0982F882788279F712D
:105390002A81822BF601268537852817390710F4D4
:1053A00097878687D60151969C938E935097C09786
:1053B0000CF03AC4F60182898E7F828BC6010E946E
:1053C00085410C942D21BAAA8E010F5F1F4F22E058
:1053D000AE014E5C5F4F61E00E9447440E94594617
:1053E000898190E0982F882788279F712A81822BB6
:1053F000F601268537852817390710F497878687A1
:10540000D60151969C938E935097C0970CF010C480
:10541000F60182898E7F828BC6010E9485410C94A1
:105420004C214BE1B3012A968EAD9FAD2A970E9485
:1054300038419B01AC0156954795379527952E9697
:105440002CAF3DAF4EAF5FAF2E97DFCB987F98600C
:10545000D8011D969C93E7CBE81408F43FC9282D8A
:1054600030E0F901EF57FD4F90819E3709F0D8C821
:10547000890101581D4F580120583D4FD9018C9189
:10548000F8010081102F082F6DEF680D82E892E07F
:105490000E94A2500817190709F4D6C3809082020F
:1054A0004EE7841609F4BBC380913002B9C880EC82
:1054B00089831A829E012F5F3F4F42E061E0D20153
:1054C0001C968D919C910E94D30D99812A81892FE0
:1054D0008227382F32953F708327382F369536959F
:1054E0008327382F3695832780FF11C3F2017689F1
:1054F000E70FF11DF78A83E0808F118E7D5FD20167
:1055000056967C9356C88E2C1FEFAFC821FFE6C17C
:1055100020E030E040E050E4D8011E962D933D930A
:105520004D935C93519740E4A0CDD80153968C9154
:105530008111D6CAF80184898F5F982F990F890F3E
:1055400090E0F601E80FF91F8080912CB12CA12C7E
:10555000540199248824E3E0F0E0EC0FFD1FE80FEC
:10556000F91F2081822A22E030E02C0F3D1F820F9C
:10557000931FDC018C91982AA7FE02C0BB24BA9429
:10558000B501A401F801E25BFF4F808191810E9487
:10559000C750F801828DE80FF11D838E948EA58E81
:1055A0008B2CBB2487FCB0949B2CAB2C868E8C5F01
:1055B000D8015A968C93803310F40C94C1216F2D2E
:1055C000C80146960E94A2550C94C121992309F462
:1055D00030C2913009F4F4C2F601118A108A8E7F2C
:1055E000D6011F968C93C6010E9406420C940F218F
:1055F000D2011C96ED91FC9104816280738040E0A1
:10560000B301802F0E94B64D0E943D4F6B017C017B
:10561000B0E1CB0ED11CE11CF11C1F2D0E943D4FAF
:10562000212FC616D706E806290B27FFF7CFF894D7
:1056300041E0B301802F0E94B64D0E943D4F6B01A7
:105640007C01789488E0E8ADF9AD11928A95E9F78C
:1056500084E8898383E28A839E012F5F3F4F4AE07B
:1056600061E0D2011C968D919C910E94D30DFE01A8
:10567000339665E08191682788E090E003C0660F6B
:10568000019739F067FFFBCF660FBDE16B270197EC
:10569000C9F70AAD1BADE017F10761F7D2015696C5
:1056A0007C91872F90E0AC014F5F5F4F9C012E5F94
:1056B0003F4F7D5F6095EA856E1709F451C1840DF7
:1056C000951D0FEFFC01078B440D551D83E0DA019A
:1056D00057968C93240D351DF901178AD2015696E1
:1056E0007C930C94D92241E06F2DC8010E94D656BC
:1056F0000C94C12183E889831A821B820E943D4F4A
:105700006CAF7DAF8EAF9FAF9E012F5F3F4F43E0E9
:1057100061E0D2011C968D919C910E94D30D0E9454
:105720003D4FAB01BC01DC01CA010CAD1DAD2EAD7E
:105730003FAD801B910BA20BB30B81329340A105AF
:10574000B10508F02ACBEA809B818E2D8927282F6E
:1057500022952F708227282F269526958227282F7D
:105760002695822780FFA0C1D20156967C91F20136
:10577000E70FF11DF78AD08E118E7D5FF201768BD7
:105780000C94D9228A8190E0880F991F30E0322F43
:105790002227330F7C01E22AF32A0CAD1DAD2EAD7A
:1057A0003FADB501A401C2010E94C855D201569671
:1057B0007C910C94D922DD24D394992309F460CAF6
:1057C000F894F8018585877F846085877894DD2447
:1057D000D39456CA8FEF8093270280932602789441
:1057E0000000F894809126028111F9CF0C941524C1
:1057F00062E0F701E65BFF4F808191810E941155C5
:10580000D70153968C9190E0FC017496EE0DFF1D2C
:105810008E0D9F1DDC0154967C927182128282E073
:1058200083830C944E227F700E94C7500C944E22AA
:1058300086E0EAE2F2E0DE01119601900D928A958F
:10584000E1F70E943D4F6CAF7DAF8EAF9FAF9E01E1
:105850002F5F3F4F46E061E0D2011C968D919C91F5
:105860000E94D30D0E943D4FAB01BC01DC01CA0177
:105870000CAD1DAD2EAD3FAD801B910BA20BB30B3C
:1058800081329340A105B10508F087CAFE01339625
:1058900080E09191892728E030E004C0880F2150F2
:1058A000310941F087FFFACF880F07E080272150A8
:1058B0003109C1F72EA93FA92E173F0751F79E8145
:1058C000981709F45BC1D20156967C91F201E70F5B
:1058D000F11DBFEFB78B87C8878581CEF80146855C
:1058E000578560897189411551056105710509F078
:1058F00091C1B501A401E05BFF4F808191810E94BD
:10590000C750982D292D3A2D4B2DB2CB1F3F11F0AA
:105910000C94322263E00E941155D70153968C916A
:1059200090E0FC017496EE0DFF1D8E0D9F1DDC01B5
:1059300054961C931183128283E083830C944E222D
:1059400081FD19C1B301A201F801E05BFF4F808125
:1059500091810E94C750F42C252D962DD72C9AC9E1
:10596000698564FF83C0EB81E7FDA7C2840D951DA7
:10597000EFEFDC015796EC93440D551D84E0A7CE64
:10598000D501E42D1D92EA95E9F79982D60150964A
:105990008C91813009F43982950141E361E0F6018F
:1059A000848595850E94D30D80E3FE013296D60151
:1059B000579601900D928A95E1F748CABFEAB983DC
:1059C0001A82950142E061E0F601848595850E9486
:1059D000D30D8A818AAB86FF07C0F60124893589F9
:1059E0002F5F3F4F358B248BD60150969C9150975B
:1059F000913009F0A4CC85FF69C051961C92A9CCC6
:105A0000D501E52D1D92EA95E9F74982950141E31B
:105A100061E0D6011C968D919C910E94D30D80E38C
:105A2000FE013296D601579601900D928A95E1F7C4
:105A300033CA29821A821B82950143E061E01C96D9
:105A40008D919C910E94D30D8A819B818130B4E01D
:105A50009B0700F1F601248935892F5F3F4F358B75
:105A6000248B918B808BF601968510CA840D951D31
:105A70000FEFFC01078B440D551DE5E0DA01579649
:105A8000EC93240D351DD90157961C92F201768BAB
:105A90000C94D922D60151969C938E935097C0971F
:105AA00010F71F968C919BCD91FF84C0D201569622
:105AB0007C91F201E70FF11DF78AB5E0B08F118EEE
:105AC0007D5FF201768B0C94D92280E08F71982F44
:105AD000990F890F880FF601818B803308F439CC38
:105AE0008685AEC95982D60150968C91813009F4D1
:105AF00099828601095E1F4F20E3A50161E0F6014E
:105B0000848595850E9447440E9459469FC996FF07
:105B100068C0F2017689E70FF11DF78A05E0008F72
:105B2000118E7D5FD20156967C930C94D92281FF11
:105B30000AC0F894F8018585877F8460858778940A
:105B400082E0D82E9DC8F894F8018585877F8587E7
:105B500021E026877894F6CE99828601095E1F4F50
:105B600020E3A50161E0F601848595850E94474404
:105B70000E94594691C972E0D72E82C88D8181FF5B
:105B80005BC0D20156967C91F201E70FF11DBFEF89
:105B9000B78BC4CF29828E010E5C1F4F21E0A50177
:105BA00061E01C968D919C910E9447440E94594649
:105BB0008AA911CF9C7FFE2CE92E8A019B01F1CD91
:105BC0003AAA850122E0AE014E5C5F4F61E01C966F
:105BD0008D919C910E9447440E94594689819A81E7
:105BE00035CF892F90E0982F8827990F990F30E0B3
:105BF000220F331F220F331F7C01E22AF32A0CAD40
:105C00001DAD2EAD3FADB501A401C2010E94C85526
:105C10000C94D722942F252F362F472F29CA88245A
:105C200083941FEF0C9435231C968D919C9156C93B
:105C30001C968D919C9185C9EB80FC80FE24EF24FD
:105C4000FE248A019B01DFCF809130028D7F8093FB
:105C5000300280910802F8122DC181E08F0D8F7003
:105C600080618093080204E812E039EE232E37E0C9
:105C7000332EF4E8AF16F2E0BF0609F008F4EEC0E8
:105C8000CDB6DEB6D8012C91822F90E027FDE9C079
:105C90000F5F1F4F009709F4F3C0F1012591349174
:105CA0008217930708F0ECC0FC01EE0FFF1FEE0F08
:105CB000FF1FEE0FFF1F9F01280F391F3DAF2CAFB5
:105CC000F901E253FC4FE4914DB75EB764E0E69F03
:105CD0004019510911240FB6F8945EBF0FBE4DBF95
:105CE0008DB79EB701967C01F901E053FC4F4491BA
:105CF000F901EF52FC4F25913491F901A016B1063C
:105D000008F487C0442309F493C041502F5F3F4FEC
:105D1000420F532F511D9C0127C0873009F079C0D5
:105D2000C8010196D8010C91402E512C712C612C88
:105D3000D9014D925D926D927C9213972C01712C3A
:105D4000612C14964D925D926D927C921797080F7C
:105D5000192F111D285F3F4FA016B10608F459C036
:105D60004E175F0709F464C0849131968530A8F618
:105D7000C9010496D80111962296BFAFAEAF229703
:105D8000D8017C91672F6F77462E512C712C612C96
:105D9000672F6076603631F4B0EE4B2A55245A9462
:105DA000652C762C77FF38C02296AEADBFAD22971A
:105DB0008D010F5F1F4F6C91440C551C661C771CA6
:105DC000440C551C661C771C440C551C661C771C27
:105DD000440C551C661C771C440C551C661C771C17
:105DE000440C551C661C771C440C551C661C771C07
:105DF000762F7F77472AD80167FDDACFD9014D92F8
:105E00005D926D927C9213979C01A016B10608F0EA
:105E1000A7CF87E00E94291022960EAD1FAD2297D2
:105E2000D9014D925D926D927C9213979C01EDCFBA
:105E300020912802211127C0ECADFDADED52FC4FA1
:105E400025913491C701F90119950FB6F894DEBE7A
:105E50000FBECDBE0A151B0508F412CF11E00C943D
:105E600035239695982F88279795879580789F73E7
:105E7000F8012181822B0E5F1F4F009709F00DCF93
:105E800085E00E942910ECADFDADE153FC4FE4919B
:105E9000E0FDD2CF809129021F928F93EFE3F7E1CB
:105EA000FF93EF930E940A170FB6F894DEBE0FBE61
:105EB000CDBED0CFE82C0C942B23C818D908EA0803
:105EC000FB08B1E5CB16B5E5DB06E104F10460F5AE
:105ED000AC81B0E0AA0FBB1FF0E0FE2FEE27FF0F52
:105EE000EA2BFB2B840D951D6F8166956F73DC018A
:105EF00057966C93440D551DDA015796EC93240D7B
:105F0000351DD9015796FC93F201768B0C94D9225A
:105F1000B1E0B91508F4FFC90C940B276C2DC7012B
:105F20000F960E94A255E9C9840D951D0FEFFC0143
:105F3000078B440D551D81E0CACBCF93DF9300D072
:105F400000D000D0CDB7DEB785EA93E090935A0237
:105F500080935902FFB6F8941092800001E00093FC
:105F60008100E4E8F0E01182108280819181C29684
:105F7000909389008093880012E016BB8081918104
:105F8000C29690938B0080938A0084E086BB8AE15E
:105F900092E00E94F81B06BB10936F00FFBE88E1E1
:105FA0009DE00FB6F894A895809360000FBE909383
:105FB000600080E4809360001093C00087E090E070
:105FC0009093C5008093C40086E08093C20088EB64
:105FD0008093C10086E497E19F938F930E940A17F4
:105FE0000F900F90F8948DE392E00E94B2578C01CD
:105FF000892B19F478940E94FA1EF8940E943D4F60
:10600000F62EE72ED82EC92EE2E2F2E0868181112B
:1060100001C0078382E292E022E0DC0116962C9315
:10602000169700E012E00D931C93E2E1F2E0448148
:10603000558166817781D80114964D935D936D9358
:106040007C931797DC011396FC93EE931297D8017B
:10605000ED93FC938AE092E09183808380918400A9
:1060600090918500C296909389008093880026BB0A
:10607000109255020E94DE0C8FEF898781E1A82ED5
:10608000B12C05C08B2DF80183A310A2178E63ECF1
:1060900076E1CE0109960E94A90C8C01892B79F03A
:1060A000F80143A140716489758986890E94B64DC3
:1060B000D80193968C9184FFE5CF8A2DE4CF8FEFA2
:1060C000888709C0DC0195961C921E92949760E027
:1060D00088960E94821B62E176E1CE0108960E94BA
:1060E000A90C009779F78FEF8F8302C00E94631B82
:1060F00066EE75E1CE0107960E94A90C0097B1F7F4
:106100008FEF8E831FEF0FC090910902828D98133D
:1061100002C010930902DF01AF5ABF4F1D921C92BB
:10612000868D8111D1C06FE975E1CE0106960E947E
:10613000A90CFC01892B41F78FEF8D8311E004C07E
:10614000FC01458140FDDAC060E775E1CE010596AE
:106150000E94A90C0097A1F78FEF8D830CC09C01C2
:106160002D5F3F4FDC0112964C91129760E08D91AC
:106170009C910E94D30D66E475E1CE0105960E94C4
:10618000A90C009761F78FEF8C8305EA1CE30BC025
:106190002FB7F894992711969C938E932FBF138352
:1061A0000283128A118A6EEA70E4CE0104960E947C
:1061B000A90CFC01892B49F087859089A085B185C0
:1061C0002285222329F38C93EACF8FEF8B8302C0A1
:1061D0000E94564364E27AE3CE0103960E94A90C22
:1061E0000097B1F78FEF8A830FC0F801648575853A
:1061F000868540E00E94B64DD8011F966D917D9135
:106200008C9140E00E94B64D62EB79E3CE0102969C
:106210000E94A90C8C01892B41F78FEF89832FC035
:10622000F80161857285838540E00E94B64DD801F2
:106230001C966D917D918C9140E00E94B64DF801C5
:1062400067857089818940E00E94B64DD8015296D9
:106250006D917D918C9140E00E94B64DF801658969
:106260007689878940E00E94B64DD80158966D9195
:106270007D918C9140E00E94B64DF801108664E457
:1062800079E3CE0101960E94A90C8C01892B41F67D
:106290008AE192E00E94F81BE2E2F2E081E086836C
:1062A000789487811F928F93CF92DF92EF92FF9223
:1062B00088E397E19F938F930E940A170FB6F89493
:1062C000DEBF0FBECDBF96CE8F5F858F808991894F
:1062D000A289B3894085518562857385840F951F96
:1062E000A61FB71F808B918BA28BB38B8483958362
:1062F000A683B783CF010E94F81B15CF43FB442729
:1063000040F941276281738184810E94B64D1CCF80
:10631000FC01408551856285738581898823D9F088
:10632000858996890196968B858B440F551F661F2C
:10633000771F440F551F661F771F84819581A681A3
:10634000B781840F951FA61FB71F84839583A683EB
:10635000B78381E00895A485B5858C9196858923BE
:1063600061F781E0818B1092260280937B02440FBB
:10637000551F661F771F440F551F661F771F440F59
:10638000551F661F771FD9CFFC0140855185628557
:106390007385858580FF1EC0228D338D2F5F3F4F13
:1063A000338F228F82608587440F551F661F771FAA
:1063B000440F551F661F771F84819581A681B78181
:1063C000840F951FA61FB71F84839583A683B78369
:1063D00081E00895A785B0899C912189922361F776
:1063E000816085871092260281E080937A02440FB3
:1063F000551F661F771F440F551F661F771F440FD9
:10640000551F661F771FD8CFFC01428553856485D1
:106410007585818580FF1DC0828D938D0196938F38
:10642000828F83E08187440F551F661F771F440FBB
:10643000551F661F771F84819581A681B781840FC0
:10644000951FA61FB71F84839583A683B78381E01A
:106450000895A289B3898C919489892361F781E099
:1064600081871092260280937902440F551F661F80
:10647000771F440F551F661F771F440F551F661F58
:10648000771FD9CFFC0192899160928B10922602DE
:1064900081E08093780280E00895FC019289916008
:1064A000928B1092260281E08093770280E008951B
:1064B000FC019785916097871092260281E0809376
:1064C000760280E00895FC0197859160978710928D
:1064D000260281E08093750280E00895FC01968594
:1064E000916096871092260281E08093740280E08A
:1064F0000895FC011092260281E080937302818D41
:106500008160818F84819581A681B7814085518585
:1065100062857385840F951FA61FB71F848395839B
:10652000A683B78381E00895AF92BF92DF92EF9286
:10653000FF920F931F93CF93DF93FC01A485B58542
:10654000968547855089E18822893389F488A58812
:10655000B6887789008D118DD28C808586279C9393
:1065600084FD20C085FD22C086FD24C087FD26C095
:106570009C93862F8295807F808768279C9364FDFB
:106580002AC065FD25C066FD1CC067FD1EC09C932A
:10659000DF91CF911F910F91FF90EF90DF90BF900F
:1065A000AF900895EA01E88285FFDECFE901F88225
:1065B00086FFDCCFE501788387FFDACFE801D88258
:1065C000D7CFF501708367FFE2CFE801D882DFCF34
:1065D000E901F882D8CFFA01E082D3CFCF93DF93DD
:1065E000DC011C96ED91FC911D971E969C911E97C7
:1065F0001F96CD91DC91509751962C9188E005C063
:106600009083660F9083815049F067FFF9CF28830C
:1066100060959083660F90838150B9F7DF91CF9199
:106620000895CF93DF93FC0184819581A681B78182
:106630004489558966897789C58DD68D2881C42F6F
:10664000C170378D232331E009F430E0C31761F0C6
:106650004F5F5F4F6F4F7F4F448B558B668B778BB0
:10666000808F918FA28FB38F4089518962897389FE
:10667000272F481759076A072B0B27FF18C0248DAF
:106680002160248F4485558566857785840F951F05
:10669000A61FB71F808B918BA28BB38B1092260203
:1066A00081E08093720284819581A681B7814085C3
:1066B000518562857385840F951FA61FB71F84833C
:1066C0009583A683B78381E0DF91CF910895CF9220
:1066D000DF92EF92FF92CF93DC011896ED91FC913F
:1066E00019971A968C911A9780831E968C911E97F3
:1066F00091E098271E969C931E97809581705696E0
:10670000CD90DD90ED90FC9059971F969C911F972E
:106710009F5F5196CC9151979C1708F067C0E92F65
:10672000E695E695E695EA0FFB2FF11D228D30E008
:10673000492F477002C0359527954A95E2F7217099
:10674000B701A6018217A1F037C0E92FE695E695BB
:10675000E695EA0FFB2FF11D228D30E0E92FE7705F
:1067600002C035952795EA95E2F72170821324C07F
:106770004C0D5D1D6E1D7F1D9F5F9C1730F387E0E4
:1067800094E413969C938E9312971496CD90DD907B
:10679000ED90FC9017974C0D5D1D6E1D7F1D14969E
:1067A0004D935D936D937C93179781E0CF91FF900C
:1067B000EF90DF90CF9008951F969C931F971496AB
:1067C000CD90DD90ED90FC9017974C0D5D1D6E1DEA
:1067D0007F1D14964D935D936D937C93179781E085
:1067E000CF91FF90EF90DF90CF900895B701A60171
:1067F000C6CF0F931F93CF93DF93DC015A963C9142
:106800005A973323E9F0FC017B963150232F30E077
:10681000B901660F771F260F371FBD01625E7F4FDC
:10682000620F731F30E041E0C081D1819881828185
:10683000982309F0342B440F33966E177F07A1F786
:106840001C969C911C97931749F01D968C911D974F
:1068500083278095292F2327282351F558968C913B
:1068600058971D963C931D9787FD06C0815008F4EC
:1068700042C058968C93589714964D915D916D91A6
:106880007C91179718960D911D912D913C911B9716
:10689000400F511F621F731F14964D935D936D93AC
:1068A0007C93179781E0DF91CF911F910F9108950D
:1068B000282F209592238323892B1C968C931C9739
:1068C0001E96EC911E97E83048F691E09E0F1E96BA
:1068D0009C931E97EA0FFB2FF11D878710922602CB
:1068E00081E0809370028FEF58968C9358971D9695
:1068F0003C931D97C1CF1092260291E090937002B5
:10690000B8CFCF92DF92EF92FF926B017C010E9491
:106910003D4FC60ED71EE81EF91E0E943D4F292F7F
:106920006C157D058E052F0927FDF7CFFF90EF90A1
:10693000DF90CF9008955F926F927F928F929F9297
:10694000AF92BF92CF92DF92EF92FF920F931F937D
:10695000CF93DF938C01FC01C080D180E280F38073
:1069600084809580A680B78066246A94660E66232C
:10697000E9F0EA01CA010196680E792E711C59905E
:106980000E943D4F6C197D098E099F096815790594
:106990008A059B05A8F3652DC8010E9494320E94C8
:1069A0003D4F6B017C01C615D70549F7F801C08240
:1069B000D182E282F382DF91CF911F910F91FF90FC
:1069C000EF90DF90CF90BF90AF909F908F907F908F
:1069D0006F905F9008954F925F926F927F928F9227
:1069E0009F92AF92BF92CF92DF92EF92FF920F935E
:1069F0001F93CF93DF93EC01562E3A018880998044
:106A0000AA80BB80CC80DD80EE80FF808A010F5F92
:106A10001F4FFA014080642D607F0E94EE320E9479
:106A20003D4F681979098A099B096C157D058E050A
:106A30009F05A8F3642D6295607FCE010E94EE321F
:106A40000E943D4F6B017C0188849984AA84BB8499
:106A5000F1E05F1639F15A945A94650C711C82E08A
:106A6000680E711CF80151908F01652D607FCE0179
:106A70000E94EE320E943D4F6C197D098E099F09DC
:106A8000681579058A059B05A8F3652D6295607FD9
:106A9000CE010E94EE320E943D4F6B017C01061533
:106AA000170501F7C882D982EA82FB82DF91CF9174
:106AB0001F910F91FF90EF90DF90CF90BF90AF901C
:106AC0009F908F907F906F905F904F900895CF929E
:106AD000DF92EF92FF920F931F93CF93DF93EC011E
:106AE000E885F9858A8580830E943D4F3E8521E0B7
:106AF00023272E872F8541E0420F4F870C811D8170
:106B00002E813F81413009F44EC0CA88DB88EC8871
:106B1000FD88453090F40C0D1D1D2E1D3F1D0C836E
:106B20001D832E833F8381E0DF91CF911F910F91D1
:106B3000FF90EF90DF90CF900895AB01BC01401B18
:106B4000510B620B730B8E899F89A88DB98D481BE1
:106B5000590B6A0B7B0BDB01CA010296A11DB11D0B
:106B6000B7FD30C0B595A79597958795B595A7952D
:106B7000979587958C0D9D1DAE1DBF1D8E8B9F8B90
:106B8000A88FB98FE7E6F3E3FB83EA83400F511F39
:106B9000621F731F840F951FA61FB71F8C839D83D1
:106BA000AE83BF83C0CFAB01BC01401B510B620B56
:106BB000730B4E8B5F8B688F798FCA88DB88EC886C
:106BC000FD88A9CFDB01CA010596A11DB11DCACF61
:106BD0009F92AF92BF92CF92DF92EF92FF920F936C
:106BE0001F93CF93DF93FC01908067E677E3892DB5
:106BF0000E94E712EC01F8940E943D4F9B01AC010A
:106C0000EC85FD8580819E8589237894A12CB12C0B
:106C10006501811105C084E0A82EB12CC12CD12CB6
:106C2000E12CF12C8701692DCE0143960E941F555E
:106C3000DF91CF911F910F91FF90EF90DF90CF9058
:106C4000BF90AF909F9008950F931F93CF93DF93C2
:106C50008C0167E677E3FC0180810E94E712EC017A
:106C60006AEA7AE4F80184810E94E712C55BDF4F8B
:106C700099838883DF91CF911F910F9108959F92FF
:106C8000AF92BF92CF92DF92EF92FF920F931F933A
:106C9000CF93DF93FC01908069E77AE3892D0E940E
:106CA000E712EC01F8940E943D4F9B01AC01EF8587
:106CB000F8898081998989237894A12CB12C650168
:106CC000811105C084E0A82EB12CC12CD12CE12C5F
:106CD000F12C8701692DCE0148960E941F55DF9146
:106CE000CF911F910F91FF90EF90DF90CF90BF90C9
:106CF000AF909F9008950F931F93CF93DF938C01D4
:106D000069E77AE3FC0180810E94E712EC016AEAFC
:106D10007AE4F80184810E94E712C05BDF4F998317
:106D20008883DF91CF911F910F9108959F92AF9229
:106D3000BF92CF92DF92EF92FF920F931F93CF9368
:106D4000DF93FC01908069E07BE3892D0E94E712CC
:106D5000EC01F8940E943D4F9B01AC01EA89FB894C
:106D600080819C8989237894A12CB12C65018111A3
:106D700005C084E0A82EB12CC12CD12CE12CF12C23
:106D80008701692DCE0148960E941F55DF91CF9152
:106D90001F910F91FF90EF90DF90CF90BF90AF9039
:106DA0009F9008950F931F93CF93DF938C0169E019
:106DB0007BE3FC0180810E94E712EC016AEA7AE43D
:106DC000F80184810E94E712C05BDF4F99838883BA
:106DD000DF91CF911F910F9108950F931F93CF9340
:106DE000DF93EC0162EB79E388810E94E7128C016A
:106DF0006AEF0E94EE326C81611105C0DF91CF9184
:106E00001F910F91089548855985C801DF91CF9151
:106E10001F910F910C94EB340F931F93CF93DF933B
:106E2000EC0162EB79E388810E94E7128C0168EF44
:106E30000E94EE326C81611105C0DF91CF911F91EC
:106E40000F91089548855985C801DF91CF911F9111
:106E50000F910C94EB340F931F93CF93DF938C011E
:106E600064E87CE3DC018C910E94E712EC01D8011C
:106E70001496EC918F898E0F8F8BF8948E85E8177E
:106E8000E8F4982F9E1B99F0F0E03F96EC0FFD1F61
:106E9000DE011F962FEF290FAE01405F5F4F240FD9
:106EA000352F311D81918D93A217B307D9F79E8796
:106EB0007894DF91CF911F910F9108951E868EEFE8
:106EC000888F7894DF91CF911F910F9108950F9340
:106ED0001F93CF93DF938C014DE450E067E677E397
:106EE000FC0180810E941D15EC0188E891E39B83E1
:106EF0008A83198AF80184810E94AC13988B8F874A
:106F000060E0F80180850E94274D6C877D878E8721
:106F1000DF91CF911F910F9108950F931F93CF93FE
:106F2000DF938C014BE450E06DE877E3FC01808156
:106F30000E941D15EC0182E492E39B838A836CEA34
:106F400077E3F80184810E94E7129D878C87DF91A7
:106F5000CF911F910F91089543E050E06CEA77E3E1
:106F6000FC0180810C941D150F931F93CF93DF9329
:106F70008C014BE450E064EB77E3FC0180810E94DC
:106F80001D15EC018DE492E39B838A836CEA77E321
:106F9000F80184810E94E7129D878C87DF91CF9151
:106FA0001F910F9108950F931F93CF93DF938C013F
:106FB00047E450E063ED77E3FC0180810E941D15FA
:106FC000EC018EE692E39B838A83F80184810E9420
:106FD000AC139D878C87DF91CF911F910F910895FE
:106FE0000F931F93CF93DF93EC0140E250E060EFEB
:106FF00077E388810E941D158C0168858C810E9431
:10700000274DF801658F768F878F81E193E3938316
:107010008283DF91CF911F910F9108950F931F935A
:10702000CF93DF938C0167E677E3FC0180810E94B8
:10703000E712EC010E94E01A198AF8018481958117
:10704000A681B78188879987AA87BB87892B8A2BD6
:107050008B2BD1F01C8A1B8A1E8A1D8A1F8AF894EA
:107060000E943D4F088519852A853B85DC01CB01AF
:10707000800F911FA21FB31F8C839D83AE83BF839C
:10708000CE010E94F81B7894DF91CF911F910F9150
:1070900008950F931F93CF93DF938C016CEB7BE3E9
:1070A000FC0180810E94E712EC010E94E01AF801C5
:1070B00084819581A681B7818C839D83AE83BF83B4
:1070C00080859185A285B38588879987AA87BB87A4
:1070D000892B8A2B8B2B29F4DF91CF911F910F9154
:1070E000089584859585A685B7858C879D87AE870D
:1070F000BF8780899189A289B389888B998BAA8B54
:10710000BB8B84898E8B1F8ACE01DF91CF911F911B
:107110000F910C94F81B0F931F93CF93DF938C0167
:1071200060EF77E3FC0180810E94E712EC010E948E
:10713000E01AF80184819581A681B7818C839D83B3
:10714000AE83BF83408551856285738548875987A3
:107150006A877B8744855585668577854C875D87FB
:107160006E877F87888B998BAA8BBB8BCE01DF9133
:10717000CF911F910F910C94F81B0F931F93CF93F6
:10718000DF938C0169E07BE3FC0180810E94E712C0
:10719000EC010E94E01A19861E861F86188A198A39
:1071A000F80184819581A681B7818A879B87AC8706
:1071B000BD87892B8A2B8B2B29F16D897E898F893D
:1071C00040E00E94B64D198E188E1B8E1A8E1C8EB2
:1071D000F8940E943D4F0A851B852C853D85DC0176
:1071E000CB01800F911FA21FB31F8C839D83AE83A1
:1071F000BF83CE010E94F81B7894DF91CF911F913D
:107200000F9108956D897E898F8941E0DF91CF913B
:107210001F910F910C94B64D0F931F93CF93DF9353
:10722000EC0164E479E388810E94E7128C01FC019F
:1072300061857285838541E00E94B64D48855985F8
:107240006C81C801DF91CF911F910F910C949B34F9
:107250000F931F93CF93DF93EC0164E479E388816C
:107260000E94E7128C01FC0161857285838540E0F4
:107270000E94B64D488559856C81C801DF91CF9138
:107280001F910F910C949B34CF92DF92EF92FF925B
:107290000F931F93CF93DF93EC014BE150E064E435
:1072A00079E388810E941D158C0160E08C810E9429
:1072B000D84DF80161877287838760E088850E94D6
:1072C000D84DF80164877587868760E08C850E94B9
:1072D000D84DF8016787708B818B60E088890E94A8
:1072E000D84DF801628B738B848B60E08C890E948F
:1072F000D84DF801658B768B878B60E0888D0E9476
:10730000D84DF801608F718F828FF8940E943D4FA5
:107310006B017C0160E0C8010E9494320E943D4FE5
:107320007894DC01CB018C199D09AE09BF09CC8C86
:10733000DD8CEE8CFF8C8C159D05AE05BF0548F4E9
:10734000C81AD90AEA0AFB0AF801C482D582E68281
:10735000F782DF91CF911F910F91FF90EF90DF9017
:10736000CF900895CF92DF92EF92FF920F931F93E9
:10737000CF93DF938C0142E150E062EB79E3FC01B3
:1073800080810E941D15EC0160E0F80180850E945B
:10739000D84D6C877D878E8760E0F80184850E94D8
:1073A000D84D6F87788B898B61E0F80184810E94CA
:1073B000D84D68EFCE010E94EE3260E2CE010E940D
:1073C000EE32F8940E943D4F6B017C0160E0CE01EB
:1073D0000E94EE320E943D4F7894688379838A83BD
:1073E0009B83DC01CB018C199D09AE09BF09F80113
:1073F000C088D188E288F3888C159D05AE05BF054D
:1074000040F4C81AD90AEA0AFB0ACC82DD82EE826D
:10741000FF82F80104891589268937898017910729
:10742000A207B30740F4081B190B2A0B3B0B088774
:1074300019872A873B87DF91CF911F910F91FF908A
:10744000EF90DF90CF9008957F928F929F92AF92AE
:10745000BF92CF92DF92EF92FF920F931F93CF9341
:10746000DF93EC0144E250E064E27AE388810E9419
:107470001D158C0178848C809D80AE80BF80CC846B
:10748000DD84EE84FF8461E0711001C060E0882D2E
:107490000E94274DF80163877487858761E08C2DF2
:1074A0000E94D84DF8016087718782878889998901
:1074B000AA89BB89828B938BA48BB58B81E17110D8
:1074C00001C081E08C149D04AE04BF0481F0F8017A
:1074D0008687DF91CF911F910F91FF90EF90DF9002
:1074E000CF90BF90AF909F908F907F9008958062D3
:1074F000EECF0F931F93CF93DF938C0142E550E0C3
:1075000069E77AE3FC0180810E941D15EC0184EC9F
:1075100091E39B838A83F80184818F778C8760E075
:1075200080850E94274D6F87788B898B60E0F801FA
:1075300080850E94D84D6A8B7B8B8C8B6F85788978
:10754000898940E00E94104D60E0F80184850E9426
:10755000D84D6D8B7E8B8F8B41E0DF91CF911F914A
:107560000F910C94B64D0F931F93CF93DF938C0123
:1075700069E77AE3FC0180810E94E712EC010E9436
:10758000E01A1D86F80184819581A681B7818887DC
:107590009987AA87BB87892B8A2B8B2B81F16F85D3
:1075A0007889898940E00E94104D6D897E898F8994
:1075B00040E00E94B64D8E85811102C084E08D8727
:1075C000198E188E1B8E1A8E1C8EF8940E943D4FB9
:1075D000088519852A853B85DC01CB01800F911F29
:1075E000A21FB31F8C839D83AE83BF83CE010E94F5
:1075F000F81B7894DF91CF911F910F9108956D89B9
:107600007E898F8941E0DF91CF911F910F910C947A
:10761000B64D0F931F93CF93DF93EC0142E550E0FB
:1076200069E07BE388810E941D158C0184E092E370
:10763000F801938382838C819FEF980F9430C0F47C
:10764000808761E088850E94274DF801628B738BEB
:10765000848B60E08C850E94D84DF801658B768B19
:10766000878B41E0DF91CF911F910F910C94B64D24
:107670008FE20E9429100F931F93CF93DF938C0109
:107680004AE450E06BE37BE3FC0180810E941D151E
:10769000EC0188E592E39B838A83F80180859185DC
:1076A000A285B3850097A105B10591F00197A105C9
:1076B000B105C9F46CEA77E384810E94E7129D87E3
:1076C0008C8781E08E87DF91CF911F910F91089574
:1076D00084810E94AC139D878C871E86DF91CF9199
:1076E0001F910F9108958CE20E9429100F931F9310
:1076F000CF93DF93EC014AE450E066E77BE38881B7
:107700000E941D158C0183E692E3F8019383828326
:1077100088859985AA85BB850097A105B105F1F0FB
:107720000197A105B10511F56CEA77E38C810E9400
:10773000E712F8019587848781E086878C859D858F
:10774000AE85BF8582309105A105B10590F4F801A1
:10775000808BDF91CF911F910F9108958C810E94B2
:10776000AC13F801958784871686E8CF8CE20E94D7
:1077700029108BE20E942910FF920F931F93CF9341
:10778000DF93EC01F88483E08F15D0F04AE150E0FC
:107790006CEB7BE388810E941D158C0189E792E3E5
:1077A000F801938382838C810E94AC13F801958B3E
:1077B000848BF08EDF91CF911F910F91FF900895F0
:1077C0008AE20E9429106F927F928F92CF92DF926D
:1077D000EF92FF92CF93DF93EC0160E08C810E94E7
:1077E000D84D3B01882EC884D984EA84FB84D7FC19
:1077F00024C0A601415F5F4F63EE7BE388810E9456
:107800001D15FC01608271828282D686C5868C85B8
:107810009D859483838388899989AA89BB89818777
:107820009287A387B487DF91CF91FF90EF90DF908D
:10783000CF908F907F906F90089588E20E942910DA
:107840000F931F93CF93DF938C0164E87CE3FC01DB
:1078500080810E94E712EC010E94E01AF801848105
:107860009581A681B7818C839D83AE83BF8340853C
:10787000518562857385488759876A877B878089A8
:107880008D878C871E861F8A8EEF888F8485898FCF
:1078900087FD10C0452B462B472B29F4DF91CF9154
:1078A0001F910F910895CE01DF91CF911F910F91FC
:1078B0000C94F81B83E20E9429100F931F93CF931F
:1078C000DF93EC0164E87CE388810E94E7122C815D
:1078D000FC01328D2317A8F430E08901000F111F3D
:1078E000020F131F080F191F6C8588850E94274DF2
:1078F000F801638F748F858FDF91CF911F910F9166
:10790000089584E20E942910CF93FC01C481C930FC
:10791000B0F42C2F30E0A901440F551F420F531F24
:10792000455E5F4F64E87CE380810E941D15FC0189
:10793000C28F29EF33E333832283CF91089585E209
:107940000E94291082E20E9429100F931F93CF9367
:10795000DF93FC01A189B2898D919C911197928B43
:10796000818B16968D919C911797C085D185228524
:1079700021113FC02FB7F894AC0155275983488394
:107980002FBF20916E0230916F0211963C932E937F
:10799000B0936F02A0936E02A189B28927853089C6
:1079A000109749F582179307F1F083859485A58593
:1079B000B6850097A105B105B1F044815581668176
:1079C0007781840F951FA61FB71F84839583A68395
:1079D000B78382EA9CE39383828381E0DF91CF9136
:1079E0001F910F91089580E0DF91CF911F910F912A
:1079F00008958883C6CF12964D915D916D917C91CB
:107A000015978217930741F083859485A585B685E0
:107A10000097A105B10551F44483558366837783AC
:107A200081E0DF91CF911F910F910895048115811D
:107A300026813781800F911FA21FB31F2B2F841720
:107A40009507A607270B27FFE7CF81E20E942910A1
:107A50008F929F92AF92BF92FF920F931F93CF93FB
:107A6000DF93EC01FC846CEA77E388810E94E712E3
:107A70008C018C819D81AE81BF81892B8A2B8B2BC0
:107A8000A9F58091BC0082FF10C0FF0CF801F082C4
:107A9000828182608283DF91CF911F910F91FF904D
:107AA000BF90AF909F908F90089588849984AA8406
:107AB000BB8461E089E10E94D84D61E088E10E94C9
:107AC000D84D1092B90080E888168AE1980686E0C1
:107AD000A806B10438F488E48093B80084E0809369
:107AE000BC00D3CF8CE08093B800F8CF8BE30E942A
:107AF00029102F923F924F925F926F927F928F92B6
:107B00009F92AF92BF92CF92DF92EF92FF920F932C
:107B10001F93CF93DF931F921F92CDB7DEB73C0127
:107B200063ED77E3FC0180810E94E7124C0189EB51
:107B300089831A820E943D4F1B012C019E012F5FF9
:107B40003F4F42E061E0F401848595850E94D30DAA
:107B50000E943D4F2A812F772132A8F00F900F907D
:107B6000DF91CF911F910F91FF90EF90DF90CF9019
:107B7000BF90AF909F908F907F906F905F904F904D
:107B80003F902F900895F5E02F9F500111240B2C6A
:107B9000000CCC08DD087B018C01E218F308040915
:107BA0001509A2019101F3016081C4010F960E94A1
:107BB0001F55D4CF4F925F926F927F928F929F9278
:107BC000AF92BF92DF92EF92FF920F931F93CF93EA
:107BD000DF93FC01D08063EE7BE38D2D0E94E712E2
:107BE000EC014D805E806F80788489849A84AB84B8
:107BF000BC840E943D4F6419750986099709681570
:107C000079058A059B0558F40E943D4F6419750952
:107C100086099709681579058A059B05A8F3AD843F
:107C2000BE84688179818A81409184005091850069
:107C30000B811C817E01FFE0EF0EF11CAE0CBF1C1E
:107C4000AE14BF0409F459C0F70191917F0128E0F7
:107C500013C0F894A0918400B0918500FB0180834B
:107C600080837894FD01E41BF50BE017F107D8F44D
:107C7000990FAD01215021F397FFEBCFF894A0911C
:107C80008400B0918500FB0180837894FD01E41BA2
:107C9000F50BE017F10738F4990FF894FB01808396
:107CA0007894AD01E7CF40E00E94B64D0E943D4F71
:107CB0006D837E838F83988780E01F928F931F92BE
:107CC000DF9288EC96E19F938F930E940A170F90A2
:107CD0000F900F900F900F900F90DF91CF911F9109
:107CE0000F91FF90EF90DF90BF90AF909F908F909B
:107CF0007F906F905F904F9008950E943D4F6D83ED
:107D00007E838F83988781E0D8CFCF93DF93EC0178
:107D10006B817C818D8140E00E94C54D6D857E85A3
:107D20008F8598890E9481346E817F81888541E0AA
:107D30000E94104D6D857E858F8598890E948134C3
:107D400069857A858B8541E0DF91CF910C94104D48
:107D5000FF920F931F93CF93DF93EC01062F18E050
:107D600082E0F82E1DC0F11029C0000F6D857E85C0
:107D70008F8598890E9481346E817F81888541E05A
:107D80000E94104D6D857E858F8598890E94813473
:107D9000688179818A8140E00E94C54D1150B1F01F
:107DA00007FFE1CF81E0F81601F369857A858B85BD
:107DB00041E00E94104DFF24F394D7CF6B817C816A
:107DC0008D8140E00E94C54DF12CCFCFF11006C04F
:107DD00069857A858B8541E00E94104D6D857E8591
:107DE0008F8598890E9481346E817F81888541E0EA
:107DF0000E94104DE985FA8510818B8518236D85C9
:107E00007E858F8598890E948134688179818A81F5
:107E100040E00E94C54D81E090E0111102C090E069
:107E200080E0DF91CF911F910F91FF9008951F93F4
:107E3000CF93DF93EC01162F6D857E858F85988912
:107E40000E94813469857A858B8541E00E94104DBE
:107E50006E817F81888541E00E94104D6D857E8511
:107E60008F8598890E9481346B817C818D8140E06F
:107E70000E94C54D6D857E858F8598890E948134CD
:107E8000688179818A8140E00E94C54D612FCE01D1
:107E90000E94A83E8130910521F0DF91CF911F9182
:107EA000089583E090E0DF91CF911F910895EF92C4
:107EB000FF920F931F93CF93DF938C016CEA77E3CC
:107EC000FC0180810E94E7127C0181E190E00E9428
:107ED0008614EC01F80184859585A685B7858D8784
:107EE0009E87AF87B88B8089880F8C8761E08481FB
:107EF0000E94D84D688379838A8361E0F801848188
:107F00000E94274D6E837F83888761E0F80180851A
:107F10000E94D84D6B837C838D8361E0F80180855E
:107F20000E94274D69877A878B87F701D183C083A9
:107F3000828181608283DF91CF911F910F91FF90A9
:107F4000EF9008950F931F93CF93DF93EC0163EEAF
:107F50007BE388810E94E7120C811D812E813F8185
:107F600048856C857D8517FD14C050E0DA01A00FAF
:107F7000B11FEC01ED85FE85EA17FB0750F0015FAC
:107F80001F4F800F911FDF91CF911F910F910C9484
:107F90000F5887E20E942910EF92FF920F931F93D0
:107FA000CF93DF937C0164E27AE3FC0180810E943D
:107FB000E712EC011E8511FF07C0DF91CF911F91E1
:107FC0000F91FF90EF900895F7010481608571850E
:107FD000F4840B3008F043C0FAE0FF1508F43FC00A
:107FE000402F50E04A960E940F581F86117312606E
:107FF0001E87802F880F880F880F898BFF0CFF0C3E
:10800000FF0CF88A002349F08A8D8F738A3229F495
:1080100087E695E39B838A830CC08A899B89AC8918
:10802000BD898E8B9F8BA88FB98F87E693E39B8347
:108030008A83F8940E943D4F6058734F8F4F9F4F33
:108040006C837D838E839F83CE010E94F81B78947E
:10805000DF91CF911F910F91FF90EF90089586E2ED
:108060000E942910FC014481558166817781208519
:1080700080810C94434CEF92FF920F931F93CF9308
:10808000DF937C016EEA70E4DC018C910E94E712C0
:108090008C010E947214EC01F70184819581A68104
:1080A000B7818A839B83AC83BD83808591859F83C1
:1080B0008E83F89419821882D80151968D919C91E3
:1080C0005297892B91F05396ED91FC915497D1835F
:1080D000C0835496DC93CE9353977894DF91CF91DD
:1080E0001F910F91FF90EF900895F801D48BC38BEF
:1080F000D28BC18B7894C8010E94E01AD8011296E5
:108100008D919C91825A9C43B1F08A819B81AC8174
:10811000BD8125EA3CE3F801338322838483958380
:10812000A683B783C801DF91CF911F910F91FF9074
:10813000EF900C94F81B8A819B81AC81BD81F80182
:108140004481558166817781272F481759076A072F
:108150002B0B27FFDECF81E20E942910CF92DF9206
:10816000EF92CF93DF93EC01488559856A857B8533
:108170002C858C810E94434C6B01E82E45E150E038
:108180006EEA70E488810E941D15FC01C086D186CC
:10819000E28688899989908B87878C899D89AE89A9
:1081A000BF8983879487A587B68785EA9CE39383F5
:1081B000828368E070E0CF014196DF91CF91EF902C
:1081C000DF90CF900C945C148F929F92AF92BF92ED
:1081D000DF92EF92FF920F931F93CF93DF93EC0107
:1081E000D8888C889D88AE88BF8883E08D15D8F1AB
:1081F00088810E94AC137C018EE090E00E9486147E
:108200008C0161E08C810E94274DF80160837183AD
:10821000828360E088850E94D84DF801638374836F
:10822000858360E08C850E94D84DF8016683778352
:108230008087D58681869286A386B486F70185815C
:10824000982F967099F41183008382608583DF9163
:10825000CF911F910F91FF90EF90DF90BF90AF9063
:108260009F908F9008958CE10E9429100E943010F9
:10827000AF92BF92CF92DF92EF92FF920F931F9334
:10828000CF93DF938C01EB01AA24AA94A40EC12CF6
:10829000D12C7601F894688179818A8141E00E942D
:1082A000B64D0000000000000000000000000000CB
:1082B000000000000000D801ED91FC911197808131
:1082C00012969C918923BB24B394811101C0B12CD7
:1082D000688179818A8140E00E94B64D7894CC0C07
:1082E000DD1CEE1CFF1CCB28AA94BFEFAB12D2CF33
:1082F000C701B601DF91CF911F910F91FF90EF90D1
:10830000DF90CF90BF90AF9008950F931F93CF93BE
:10831000DF93EC01F8940E943D4F088519852A856A
:108320003B85DC01CB01800F911FA21FB31F8C8303
:108330009D83AE83BF83CE010E94F81B7894DF91AA
:10834000CF911F910F9108950F931F93CF93DF93B8
:108350008C016DE877E3FC0180810E94E712EC015B
:108360000E94E01A1A8AF80184819581A681B7815A
:108370000097A105B10529F4DF91CF911F910F91CD
:10838000089588879987AA87BB871C8A1B8A1E8ABB
:108390001D8A1F8A1F861E86198A188ACE01DF91C0
:1083A000CF911F910F910C9485410F931F93CF9301
:1083B000DF938C0164EB77E3FC0180810E94E7127C
:1083C000EC010E94E01A1A8AF80184819581A68145
:1083D000B7810097A105B10529F4DF91CF911F91D5
:1083E0000F91089588879987AA87BB871C8A1B8A63
:1083F0001E8A1D8A1F8A1F861E86198A188ACE0128
:10840000DF91CF911F910F910C9485410F931F9392
:10841000CF93DF93EC01F8940E943D4F08851985B6
:108420002A853B85DC01CB01800F911FA21FB31F62
:108430008C839D83AE83BF83CE010E94F81B78940A
:10844000DF91CF911F910F9108950F931F93CF93B9
:10845000DF938C016BE37BE3FC0180810E94E712D8
:10846000EC010E94E01A1F86F80184819581A681A3
:10847000B7810097A105B10529F4DF91CF911F9134
:108480000F91089588879987AA87BB87198A188AC8
:108490001B8A1A8A1D8A1C8A1E8ACE01DF91CF91FF
:1084A0001F910F910C9406420F931F93CF93DF936C
:1084B000EC01F8940E943D4F088519852A853B857B
:1084C000DC01CB01800F911FA21FB31F8C839D8302
:1084D000AE83BF83CE010E94F81B7894DF91CF91C9
:1084E0001F910F9108950F931F93CF93DF938C01EA
:1084F00066E77BE3FC0180810E94E712EC010E94A9
:10850000E01A1F86F80184819581A681B7810097C2
:10851000A105B10529F4DF91CF911F910F91089525
:1085200088879987AA87BB87198A1B8A1A8A1D8A16
:108530001C8A1E8ACE01DF91CF911F910F910C945E
:1085400054420F931F93CF93DF93EC01F8940E9452
:108550003D4F088519852A853B85DC01CB01800FBD
:10856000911FA21FB31F8C839D83AE83BF83CE0157
:108570000E94F81B7894DF91CF911F910F9108957D
:108580000F931F93CF93DF938C0163ED77E3FC018F
:1085900080810E94E712EC010E94E01A1E86F80119
:1085A00084819581A681B7810097A105B10529F441
:1085B000DF91CF911F910F91089588879987AA879E
:1085C000BB87188A1F861A8A198A1B8ACE01DF91F7
:1085D000CF911F910F910C94A1428F929F92AF92D5
:1085E000BF92CF92EF920F931F93CF93DF93EC0143
:1085F000480159011F92EF92BF922F939F920F93C0
:108600007F936F935F934F931F92CF928AEB96E184
:108610009F938F930E940A178DB79EB70E960FB641
:10862000F8949EBF0FBE8DBFE11009C08C859D855B
:10863000AE85BF8588169906AA06BB0688F48F8981
:108640008F5F8F8B9E898917B0F4DF91CF911F9137
:108650000F91EF90CF90BF90AF909F908F90089523
:1086600088899989AA89BB8988159905AA05BB05B6
:1086700030F31F8AEACF809128028111FACF89E274
:108680000E942910CF92DF92EF92FF926B017C0142
:108690000E943D4F292F6C157D058E052F0927FD62
:1086A000F7CFFF90EF90DF90CF900895CF93DF93B7
:1086B000EC018E8585FD0DC0688579858A8541E050
:1086C0000E94B64D8E85807381608E87DF91CF9139
:1086D0000895688579858A8541E00E94C54D8E851B
:1086E000807381608E87DF91CF910895CF93DF9360
:1086F000EC01AB85BC854C918F85982F977021E05C
:1087000030E001C0220F9A95EAF7A82FA695A6950A
:10871000A695AC0FBD2FB11D5A969C915A975D85B9
:108720004523E1F0292B5A962C938F5F988989175E
:10873000E8F48F878C819D81AE81BF814E895F89EE
:10874000688D798D840F951FA61FB71F8C839D831D
:10875000AE83BF8381E0DF91CF91089520952923D7
:108760005A962C938F5F9889891718F3CE010E942F
:1087700056438E8588608E871092260281E0809312
:10878000710280E0DF91CF910895CF93DF93EC01E8
:10879000AB85BC858C919E852D858223E1F094600C
:1087A0009E878F8591E0980F9F87803400F58C819C
:1087B0009D81AE81BF814E895F89688D798D840FDF
:1087C000951FA61FB71F8C839D83AE83BF8381E057
:1087D000DF91CF91089592FFE4CF1F8686E793E45F
:1087E0009B838A83CE01DF91CF910C947643188AC4
:1087F000CE010E9456438E8588608E871092260295
:1088000081E08093710280E0DF91CF910895CF9352
:10881000DF93EC018889882359F14E8545FD21C0FD
:108820001F8685EC93E49B838A838E899F89A88D1C
:10883000B98D880F991FAA1FBB1F880F991FAA1FE8
:10884000BB1F4C815D816E817F81840F951FA61FA8
:10885000B71F8C839D83AE83BF8381E0DF91CF916F
:10886000089540716B857C858D850E94104DD8CF11
:10887000CE010E9456438E8588608E871092260214
:1088800081E08093710280E0DF91CF9108954F9253
:108890005F926F927F928F929F92AF92BF92CF9290
:1088A000DF92EF92FF920F931F93CF93DF93462EA9
:1088B000542E652E722E7801FC01228120FD7CC091
:1088C000C0800E943D4F4B015C01F0E88F0EF8E341
:1088D0009F1EF1E0AF1EB11CC501B4010E946C4F98
:1088E000C092BB0084E88093BC00C501B4010E9423
:1088F000504F0FEF040D4420A9F0C52DD62DCE0109
:108900000196080F192F111D94E8D92E8991809393
:10891000BB00D092BC00C501B4010E94504FC017EB
:10892000D107A1F7C501B4010E946C4F8C2D816065
:108930008093BB0084E88093BC00C501B4010E9411
:10894000504F0FEF070D772001F1E7010E0D1F2D9E
:10895000111D84ECF82E0C171D0761F0F092BC007D
:10896000C501B4010E94504F8091BB0089930C1740
:108970001D07A1F784E88093BC00C501B4010E94E3
:10898000504F8091BB00F801808384E98093BC0044
:10899000D12CC12CC601DF91CF911F910F91FF9077
:1089A000EF90DF90CF90BF90AF909F908F907F908F
:1089B0006F905F904F900895C081D1816C85442065
:1089C000F9F0CE010E94173F6C01892B09F072C0AB
:1089D000052D162DC8010196AA24AA94A40CA80E50
:1089E000B92EB11CF80161918F01CE010E94A83E01
:1089F0006C01892B09F05EC00A151B0599F76C857F
:108A00006160CE010E94173F6C01892B09F078C08C
:108A1000AA24AA94A70C772009F44CC0AE0CBF2C52
:108A2000B11C69857A858B8541E00E94104D08E074
:108A300010E06D857E858F8598890E9481346E81D6
:108A40007F81888541E00E94104D6D857E858F85F0
:108A500098890E948134110FE985FA8580819B8570
:108A6000892391E009F490E0192B688179818A814A
:108A700040E00E94C54D0150E1F6EA14FB04F1F418
:108A80006D857E858F8598890E9481346E817F8176
:108A9000888541E00E94104D6D857E858F8598897F
:108AA0000E948134688179818A8140E00E94C54DAD
:108AB000F7011083CE010E94853E6CCF6B817C81D3
:108AC0008D8140E00E94C54D6D857E858F8598899A
:108AD0000E9481346E817F81888541E00E94104D23
:108AE0006D857E858F8598890E9481346881798122
:108AF0008A8140E00E94C54DF70111937F0191CF1B
:108B000024E0C22ED12CD6CF2F923F924F925F926B
:108B10006F927F928F929F92AF92BF92CF92DF928D
:108B2000EF92FF920F931F93CF93DF931F921F92A9
:108B3000CDB7DEB78C01CDB6DEB6FC0160806CEA45
:108B400077E3862D0E94E712F8019480E084F18497
:108B500074842DB73EB7271931090FB6F8943EBF7C
:108B60000FBE2DBFEDB7FEB73196FA83E9837110C2
:108B700090C0FC01228120FD6EC010810E943D4FFB
:108B80001B012C01F0E82F0EF8E33F1EF1E04F1E11
:108B9000511CC201B1010E946C4F1093BB0084E8CC
:108BA0008093BC00C201B1010E94504FAA24AA9434
:108BB000A90C9920C9F087010F5F1F4FA00EB12E9D
:108BC000B11C84E8982E02C00F5F1F4FF70180810F
:108BD0008093BB009092BC00C201B1010E94504F33
:108BE0007801A016B10681F784E98093BC0010E0FB
:108BF00000E0FA81FF9329812F931F927F921F93A8
:108C00000F931F926F928DED96E19F938F930E9429
:108C10000A178DB79EB70A960FB6F8949EBF0FBE7F
:108C20008DBF0FB6F894DEBE0FBECDBE0F900F9075
:108C3000DF91CF911F910F91FF90EF90DF90CF9038
:108C4000BF90AF909F908F907F906F905F904F906C
:108C50003F902F900895A080B180F5016485C501F3
:108C60000E94173F8C01892BF9F42701490C511CF4
:108C70000CC04701FFEF8F1A9F0AF7016081C50101
:108C80000E94A83E009779F47401E414F50489F772
:108C90000CC009811A81272DA701692D0E94474424
:108CA0008C011127A6CF8C011127C5010E94853E9A
:108CB000A0CF8230910591F034F08330910559F0C6
:108CC000049731F008950197E9F780E20E94291096
:108CD0008EE10E9429108FE10E9429108DE10E94EF
:108CE00029102F923F924F925F926F927F928F92B4
:108CF0009F92AF92BF92CF92DF92EF92FF920F932B
:108D00001F93CF93DF9300D01F921F92CDB7DEB792
:108D10003C016DE877E3FC0180810E94E7124C0181
:108D20008BE18B838E010C5F1F4F21E0AE014D5F05
:108D30005F4F61E0F401848595850E9447440E945D
:108D400059468C818F7031F0F4018589968901969E
:108D5000968B858B80E78D830E943D4F1B012C01F4
:108D60008E010F5F1F4F22E0AE014B5F5F4F61E04E
:108D7000F401848595850E9447440E9459460E94CB
:108D80003D4FA980B12CBA2CAA24AA24FFE1BF220E
:108D90002A81A22A0B2C000CCC08DD087B018C0157
:108DA000E218F30804091509A2019101F301608199
:108DB000C40143960E941F550F900F900F900F9083
:108DC0000F90DF91CF911F910F91FF90EF90DF9067
:108DD000CF90BF90AF909F908F907F906F905F905B
:108DE0004F903F902F9008952F923F924F925F9215
:108DF0006F927F928F929F92AF92BF92CF92DF92AB
:108E0000EF92FF920F931F93CF93DF9300D01F92A7
:108E10001F92CDB7DEB73C0164EB77E3FC018081A4
:108E20000E94E7124C018AE38B838E010C5F1F4F77
:108E300021E0AE014D5F5F4F61E0F40184859585CF
:108E40000E9447440E9459468C8184FF06C0F40169
:108E5000858996890196968B858B82E78D830E9402
:108E60003D4F1B012C018E010F5F1F4F22E0AE0111
:108E70004B5F5F4F61E0F401848595850E94474414
:108E80000E9459460E943D4FA980B12CBA2CAA24B9
:108E9000AA24FFE1BF222A81A22A0B2C000CCC08B5
:108EA000DD087B018C01E218F30804091509A20111
:108EB0009101F3016081C40143960E941F550F90F8
:108EC0000F900F900F900F90DF91CF911F910F9106
:108ED000FF90EF90DF90CF90BF90AF909F908F90DA
:108EE0007F906F905F904F903F902F9008953F92AA
:108EF0004F925F926F927F928F929F92AF92BF92AA
:108F0000CF92DF92EF92FF920F931F93CF93DF9355
:108F100000D000D000D01F92CDB7DEB79E838D83E6
:108F2000FC0130806BE37BE3832D0E94E7124C0150
:108F3000FC018685882381F1813009F461C0E12C30
:108F4000F12C8701A12CB12C650190E080E0412C2F
:108F5000512C3201F401918B808BA3019201632D7E
:108F6000C40142960E941F552A960FB6F894DEBFA0
:108F70000FBECDBFDF91CF911F910F91FF90EF906A
:108F8000DF90CF90BF90AF909F908F907F906F9029
:108F90005F904F903F90089582EA89831A821B82E6
:108FA0000E943D4F2B013C019E012F5F3F4F43E04C
:108FB00061E0F401848595850E94D30D0E943D4FA8
:108FC0006F83788789879A878A819B815C01D12CFE
:108FD000C12CEF80F88409851A85E418F508060984
:108FE00017098130F4E09F0738F0F40124893589AE
:108FF0002F5F3F4F358B248BED81FE813080AACFD0
:1090000082E28C830E943D4F2B013C018E010F5F59
:109010001F4F22E0AE014C5F5F4F61E0F401848599
:1090200095850E9447448C010E943D4F6F8378874D
:1090300089879A87C8010E94594689819A81C6CF3B
:109040002F923F924F925F926F927F928F929F9258
:10905000AF92BF92CF92DF92EF92FF920F931F9346
:10906000CF93DF9300D0CDB7DEB73C0166E77BE35B
:10907000FC0180810E94E7124C011B82FC01868565
:109080008823C1F1813009F46BC08089E12CF12C77
:109090008701212C312C2101813009F45DC080E051
:1090A000982F9F73892F880F890F880FA82EB12CB6
:1090B000D12CC12CF401818BA2019101F3016081BB
:1090C000C40142960E941F550F900F900F90DF91A0
:1090D000CF911F910F91FF90EF90DF90CF90BF90B5
:1090E000AF909F908F907F906F905F904F903F9048
:1090F0002F9008958FEA89831A820E943D4F1B01A9
:109100002C019E012F5F3F4F42E061E0F401848516
:1091100095850E94D30D0E943D4F6B017C018A8191
:109120008B8387017601E218F3080409150986FF8D
:1091300007C0F401248935892F5F3F4F358B248B7D
:10914000F4019089913009F0ABCF85FF06C080E033
:10915000A12CB12C6501AECF80E0982F9F71A2CFDA
:109160008FE289830E943D4F1B012C018E010D5F10
:109170001F4F21E0AE014F5F5F4F61E0F401848536
:1091800095850E9447448C010E943D4F6B017C01F4
:10919000C8010E9459468B81C4CFF89488E198E0B9
:1091A0000FB6F894A895809360000FBE909360006E
:1091B000FFCFB0990FC080917F02909180020196FD
:1091C00010921F0210921E0290932102809320029F
:1091D00081E0089581E086BB80917F0290918002BA
:1091E00001969093800280937F0220E030E83093D4
:1091F0001F0220931E02909321028093200281E09F
:109200000895FC01868582FD19C0846086871092CE
:10921000260281E080937E0284819581A681B781B8
:109220004085518562857385840F951FA61FB71FE2
:1092300084839583A683B78381E0089581898F5FB6
:10924000818BE5CFFC01868580FF06C021893289AC
:109250002F5F3F4F328B218B81FF0DC0DF01A95B58
:10926000BF4F0D90BC91A02D9C91DF01A75BBF4F1C
:109270002C91922339F4816086871092260281E036
:1092800080937D0284819581A681B7814085518537
:1092900062857385840F951FA61FB71F84839583EE
:1092A000A683B78381E00895FC01408551856285DE
:1092B000738581898823D9F0808D918D0196918F56
:1092C000808F440F551F661F771F440F551F661F61
:1092D000771F84819581A681B781840F951FA61F72
:1092E000B71F84839583A683B78381E00895A485FF
:1092F000B5858C919685892361F781E0818B1092E9
:10930000260280937C02440F551F661F771F440F6F
:10931000551F661F771F440F551F661F771FD9CF34
:1093200083E30E942910CF93FC01C0816AEA7AE4AA
:109330008C2F0E94E712FC01838D8F93828D8F9377
:10934000818D8F93808D8F93838982FB882780F90D
:109350001F928F931F92CF938EE996E19F938F93E5
:109360000E940A178DB79EB70A960FB6F8949EBF53
:109370000FBE8DBFCF910895CF93DF93EC016AEAC2
:109380007AE488810E94E7122C81FC01228B4885B7
:1093900059856A857B854287538764877587DF9106
:1093A000CF910895CF93DF93EC016AEA7AE4888144
:1093B0000E94E7124C815D816E817F81FC014083B8
:1093C000518362837383488559856A857B8544838D
:1093D000558366837783DF91CF910895CF93DF9391
:1093E000EC0164EC7AE488810E94E712FC018C8134
:1093F0009081981738F0818388858F738283DF91FD
:10940000CF9108950E949049CF93DF93EC0164ECD3
:109410007AE488810E94E712FC018C819D81AE81F3
:10942000BF8185839683A783B08788859985AA8520
:10943000BB8581879287A387B4878C858F7383834D
:1094400088898483DF91CF910895CF93DF93EC01D6
:1094500064EC7AE488810E94E712FC0111822C817D
:1094600030812317C0F48CE1289FE00DF11D1124F9
:1094700088859985AA85BB8581A392A3A3A3B4A35C
:109480008C859D85AE85BF8585A396A3A7A3B0A730
:10949000DF91CF9108950E949049CF93DF93EC0123
:1094A00064EC7AE488810E94E712FC0111828C81CD
:1094B00090818917B8F4DE0118969CE1899FE00D30
:1094C000F11D11243D966C964D915D916D917D91AC
:1094D0004193519361937193AC17BD07A9F7DF9145
:1094E000CF9108950E9490490F931F93CF93DF93DC
:1094F0008C0167ED7AE4FC0180810E94E712EC01A7
:109500006AEA7AE4F80184810E94E712C65BDF4FC1
:1095100099838883DF91CF911F910F9108950F93C5
:109520001F93CF93DF938C0163E87DE4FC0180817E
:109530000E94E712EC016AEA7AE4F80184810E9451
:10954000E712C25BDF4F99838883DF91CF911F9130
:109550000F9108950F931F93CF93DF93EC014AE28D
:1095600050E06AEA7AE488810E941D158C0164EC5F
:109570007AE48C810E94E712F80191878087DF915D
:10958000CF911F910F910895CF93FC01C481FCE10D
:10959000CF9FA0011124435F5F4F64EC7AE4FC018C
:1095A00080810E941D15FC01C083CF9108950F9307
:1095B0001F93CF93DF938C014CE450E067ED7AE486
:1095C000FC0180810E941D15EC0182E299E49B83DD
:1095D0008A836CEA77E3F80184810E94E7129D8711
:1095E0008C87DF91CF911F910F910895EF92FF9299
:1095F0000F931F93CF93DF938C016AEA7AE4FC0107
:1096000080810E94E712EC017C01FEE1EF0EF11C6B
:10961000C7010E94E01AF80184899589A689B78953
:109620008EA39FA3A8A7B9A7892B8A2B8B2B51F4B4
:109630001B8A1F8A1E8ADF91CF911F910F91FF9085
:10964000EF90089566EE75E184810E94E7129F8B8A
:109650008E8BF80180858C8B84858D8B8089918998
:10966000A289B389888F998FAA8FBB8F8AA39BA366
:10967000ACA3BDA3808D8C8F1D8E8FE89BE499A336
:1096800088A386E08B8B80E090E0A0E0B0E88E8736
:109690009F87A88BB98BC701DF91CF911F910F9145
:1096A000FF90EF900C94F81B0F931F93CF93DF93D1
:1096B0008C0166EB7BE4FC0180810E94E712EC01E7
:1096C0000E94E01A1E86F80180859185A285B385E7
:1096D000892B8A2B8B2B29F4DF91CF911F910F912E
:1096E000089584819581A681B7818C839D83AE8303
:1096F000BF8380859185A285B38588879987AA874E
:10970000BB871B8A1A8A1D8A1C8A1E8A8485888BBD
:10971000CE01DF91CF911F910F910C94F81BFC01AA
:109720007E97838982FF18C0858D948D9817B0F03D
:109730008F5F858F82A193A1A4A1B5A146A157A156
:1097400060A571A5840F951FA61FB71F82A393A3C1
:10975000A4A3B5A381E0089580E0089565896E5FB4
:10976000868997890E94830F80E00895FF920F9366
:109770001F93CF93DF93EC01F88485E08F15F8F009
:109780004AE450E066EB7BE488810E941D158C0161
:1097900081E099E4F801938382838C810E94AC1369
:1097A000F80195878487FC01858180FF0BC0F80153
:1097B000F786DF91CF911F910F91FF90089582E37B
:1097C0000E94291081E30E9429101F920F920FB668
:1097D0000F9211240BB60F928F93EF93FF93E091AA
:1097E000A4038091A303E817A0F481E08E0F809377
:1097F000A403F0E0ED5BFC4F80818093C600FF91F5
:10980000EF918F910F900BBE0F900FBE0F901F9096
:1098100018958091C1008F7D8093C100F0CF1F9279
:109820000F920FB60F9211240BB60F928F939F9346
:10983000EF93FF938091C6008E37B9F0E091420319
:10984000E03C40F491E09E0F90934203F0E0EE572D
:10985000FD4F8083FF91EF919F918F910F900BBEF1
:109860000F900FBE0F901F90189510922602E6CF12
:109870001F920F920FB60F92112481E08093810204
:109880008FE30E942910CF92DF92EF92FF921F93F5
:10989000CF93DF936A017B0165E677E107C0675FDD
:1098A0007F4FF7E1653F7F0709F43AC0FB019491D0
:1098B0009813F5CF3896849181FF19C030EAC3160A
:1098C0003FE5D306E104F10470F1C0E8CC16CEE721
:1098D000DC06C1E0EC06F10408F091C0D0E4CD163E
:1098E000DFEBDD06E104F104C8F414E035C0F8EB69
:1098F000CF16F7E4DF06E104F10430F1A0ECCA165C
:10990000AEE3DA06A1E0EA06F10408F476C0C11479
:10991000BBEFDB06B4E0EB06F10438F315E01CC046
:109920008EE30E942910A8EDCA16A7E2DA06E10428
:10993000F10408F062C0B7EFCB16B8E0DB06E10433
:10994000F10448F012E008C037EFC31638E0D30640
:10995000E104F104B8F711E0FB013396A591B4914D
:10996000FB013596C591D491FB0137963491E92FCF
:10997000E695E695E695F0E0EE0FFF1FE35BF84E07
:10998000459154919770E1E0F0E07F0101C0EE0C49
:109990009A95EAF76F5F7F4FFB01C590D490817075
:1099A000A038B105D1F1EFB7F8949881977011F014
:1099B000191330C0188381111DC09FB7F894622F0E
:1099C00070E0E601798368839FBF9C913160392BF9
:1099D0003C93DA0111969C911197E92A1196EC9229
:1099E000EFBFB601DF91CF911F91FF90EF90DF9015
:1099F000CF900895E6012883E8CF13E0ADCF16E0BD
:109A0000C114EBEFDE06E4E0EE06F10408F4A4CFA7
:109A100017E0A2CF8CE30E9429108DE30E94291049
:109A2000FB015FB7F894382F3095442341F0228131
:109A3000822B91819323918382835FBF08958281DA
:109A4000832391819323918382835FBF089580361E
:109A500090F567FD30C0E82FE695E695E695F0E0D5
:109A6000EE0FFF1FE35BF84EA591B491109719F12B
:109A7000877021E030E0A90102C0440F551F8A958C
:109A8000E2F7CA015FB7F894482F409512962C91DF
:109A90001297662371F0282B11963C91119734236D
:109AA00011963C93119712962C9312975FBFBD01AC
:109AB00008952423F1CF85E30E942910EF92FF92AD
:109AC0000F931F93CF93DF93EC010E94D74A67ED6A
:109AD0007AE488810E94E7128C017C0187E4E80E19
:109AE000F11C61E088850E94274DF7016083718336
:109AF000828382E0F8018687DF91CF911F910F91D9
:109B0000FF90EF9008950F931F93CF93DF938C01F5
:109B100040E550E063E87DE4FC0180810E941D1572
:109B2000EC0184E599E49B838A83198AF801848196
:109B30000E94AC13988B8F87F80190859C8B84854D
:109B40008D8B2EEF280F233070F4981760F460E0AF
:109B500080890E94274D6C877D878E87DF91CF910A
:109B60001F910F91089580E30E942910FB019FB778
:109B7000F8942281411105C08095822382839FBF82
:109B80000895822B82839FBF0895FB012FB7F8941D
:109B90009181982B3281411106C080958323828365
:109BA00091832FBF0895832B828391832FBF0895C4
:109BB000803698F5E82FE695E695E695F0E0EE0F0D
:109BC000FF1FE35BF84EA591B491109731F18770B8
:109BD00021E030E0A90102C0440F551F8A95E2F749
:109BE000CA014FB7F89411962C911197282B611147
:109BF0000FC012965C911297382F3095352312962C
:109C00003C93129711962C9311974FBFBD01089565
:109C100012963C911297382BF2CF86E30E942910BE
:109C20001F920F920FB60F9211240BB60F92CF9284
:109C3000DF92EF92FF922F933F934F935F936F9337
:109C40007F938F939F93AF93BF93CF93DF93EF93C4
:109C5000FF930CC08091840090918500821B930B30
:109C600097FD7EC07894B2999CC0F894C09122026E
:109C7000D0912302EA81FB81309709F0AEC0EA8DD2
:109C8000FB8D2C8D20838E859F85019709F4D4C090
:109C90009F878E87C884D984EA84FB844C815D8148
:109CA0006E817F814C0D5D1D6E1D7F1D4C835D831C
:109CB0006E837F8320839A018CA586FF0EC08C85DE
:109CC0009D85092E000CAA0BBB0B8C0D9D1DAE1D96
:109CD000BF1D88879987AA87BB87E881F981C480DF
:109CE000D580E680F780972F872F4C155D056E0590
:109CF0008F0987FDAFCF9601F0932302E0932202F4
:109D0000A0912402B09125021496CD90DD90ED90A3
:109D1000FC901797872F4C155D056E058F0987FFFF
:109D2000FD01DF010190F081E02DC480D580E68047
:109D3000F780892F4C155D056E058F0987FFF1CFE0
:109D4000F983E883CD93DC93D0932502C09324025A
:109D50008091840090918500821B930B97FF82CFA6
:109D6000863A9F4F0CF084C030938900209388007E
:109D7000FF91EF91DF91CF91BF91AF919F918F9123
:109D80007F916F915F914F913F912F91FF90EF9055
:109D9000DF90CF900F900BBE0F900FBE0F901F90D3
:109DA0001895F8948091840090918500A901481B32
:109DB000590B4038514C0CF454C0AC014854544F2A
:109DC0006091270267FD29C050938B0040938A0061
:109DD00024E026BB9C013395C7CFCE0119954C8159
:109DE0005D816E817F81E881F981C480D580E680C4
:109DF000F780811134C09601F0932302E093220290
:109E00008091240290912502C817D90709F022CF2A
:109E1000F0932502E09324021DCF60912602609307
:109E2000270250938B0040938A0044E046BB9093F6
:109E30008900809388000ECFCE010E943310EA8DF6
:109E4000FB8D9C8D90834C815D816E817F81E8814B
:109E5000F981C480D580E680F780882361F29A0179
:109E600042CF409128024111A8CF84E30E942910DB
:109E70007894B29996CFF894EDCE2FB7F89460917C
:109E800084007091850080917F0290918002B0994A
:109E900002C02FBF08952FBF7F3FE1F301960895C1
:109EA000CF92DF92EF92FF926B017C0109C00E947A
:109EB0003D4F292F6C157D058E052F0927FF09C001
:109EC0008091BC0087FFF3CFFF90EF90DF90CF90A1
:109ED00008958AE30E94291024EA2093BC000E947E
:109EE000504F8091B90090E0B0E0A0E08031910542
:109EF000A105B10521F00897A105B10509F4089560
:109F000089E30E9429106F927F928F929F92AF9265
:109F1000BF92CF92DF92EF92FF920F931F93CF9356
:109F2000DF937C01DC01DC9166EB7BE48D2F0E94EA
:109F3000E7128C01F701C481B084A184DC011F9673
:109F40009C90B2E09B1609F44BC00E943D4F6B0100
:109F50007C012B2D3A2D4C2F61E0D8011C968D9160
:109F60009C910E94D30D0E943D4F8B019C010C19C6
:109F70001D092E093F09013213402105310508F062
:109F8000C0E04C2F50E0E1E09E1639F1AF92BF9255
:109F90005F934F93FF92EF92DF92CF921F92DF93E6
:109FA00083EB96E19F938F930E940A178DB79EB71C
:109FB0000C960FB6F8949EBF0FBE8DBFDF91CF9168
:109FC0001F910F91FF90EF90DF90CF90BF90AF90D7
:109FD0009F908F907F906F9008956B017C01D6CFFA
:109FE000DC011C96ED91FC9184806280738040E0DE
:109FF000B301882D0E94B64D0E943D4F6B017C013C
:10A00000B0E1CB0ED11CE11CF11C9F2C0E943D4FF6
:10A01000292DC616D706E806290B27FFF7CFF89497
:10A0200041E0B301882D0E94B64D0E943D4F6B0167
:10A030007C0178942B2D3A2D4C2F61E0F80184851A
:10A0400095850E94D30D4C2F50E0A0CF0F931F9306
:10A05000CF93DF938C0167ED7AE4FC0180810E944D
:10A06000E712EC010E94E01A8E858E7F8E87F80140
:10A0700084819581A681B7810097A105B105F1F092
:10A0800088879987AA87BB87188A1F861A8A198AA0
:10A090001B8AF8940E943D4F088519852A853B85C7
:10A0A000DC01CB01800F911FA21FB31F8C839D8306
:10A0B000AE83BF83CE010E94F81B7894DF91CF91CD
:10A0C0001F910F9108950F931F93CF93DF938C01EE
:10A0D00063E87DE4FC0180810E94E712EC010E94AC
:10A0E000E01A198AF80184819581A681B781888751
:10A0F0009987AA87BB87892B8A2B8B2BD9F01B8A40
:10A100001F8A1E8A198E188E1A8EF8940E943D4F4F
:10A11000088519852A853B85DC01CB01800F911FBD
:10A12000A21FB31F8C839D83AE83BF83CE010E9489
:10A13000F81B7894DF91CF911F910F910895789437
:10A140000E949D2F4FEF460F6623F1F0FC01480F50
:10A15000592F511D4F5F5F4F8FEF9FEF2191822746
:10A16000082E8295807F8025092E982F82958F70EA
:10A170000826869598278927880F880F880F8025BD
:10A18000E417F50759F708958FEF9FEF08952F9281
:10A190003F924F925F926F927F928F929F92AF9277
:10A1A000BF92CF92DF92EF92FF920F931F93CF93C4
:10A1B000DF93CDB7DEB7AB970FB6F894DEBF0FBE17
:10A1C000CDBF009731F0DC015396BC91B983B2FD4D
:10A1D00019C0AB960FB6F894DEBF0FBECDBFDF91AE
:10A1E000CF911F910F91FF90EF90DF90CF90BF9094
:10A1F000AF909F908F907F906F905F904F903F9027
:10A200002F9008956A017B019A8B898B0E943D4FA4
:10A210006F8F78A389A39AA3098101FD46C0198194
:10A220001D7F19A7A989BA895D961C925D97FD01CA
:10A2300080819181A281B381C816D906EA06FB0606
:10A2400054F084819581A681B7818C159D05AE055A
:10A25000BF050CF03EC0A989BA8953968C915397DB
:10A2600082FFB7CF53961C92539755966C91559792
:10A2700056968D919C91AB960FB6F894DEBF0FBEAB
:10A28000CDBFDF91CF911F910F91FF90EF90DF90A5
:10A29000CF90BF90AF909F908F907F906F905F9086
:10A2A0004F903F902F900C94830FA989BA895896AC
:10A2B0004D915D916D917C915B978AA10F8D18A155
:10A2C00029A13AA1041715072607870B87FD81CF1F
:10A2D000A6CFE989FA890084F185E02DFA83E98324
:10A2E00084818111EAC285819681A781B085B701F9
:10A2F000A601480F591F6A1F7B1F80959095A09556
:10A30000B0958827B7FD83959927AA27BB2721E019
:10A310004C155D056E057F050CF420E02813ACC2DA
:10A32000A981BA8113969C901397CB01BA01199613
:10A330002D913D914D915C911C970E94215759019F
:10A340006A017B01E82F192F9920D1F0292D215086
:10A35000330BD90121E030E040E050E060E070E0F4
:10A3600080E090E00A2F0E945B570E2F0E949157C9
:10A37000092D0E94745759016A017B01E82F192F9A
:10A380009501A60125013601B7018E2F912F505856
:10A390006F4F7F4F8F4F9F4F2F3F3F4F4F4F5F4F1D
:10A3A000610571058105910511F008F065C2E9812B
:10A3B000FA81F281FEA3A981BA8111968C9111973D
:10A3C000E82FF0E0F8A7EFA3EF2B09F488C21EA155
:10A3D000012F10E01E8B0D8B0150110921E030E0A0
:10A3E00040E050E060E070E080E090E00E945B5769
:10A3F0002F8B388F498F5A8F6B8F7C8F8D8F9E8FCD
:10A400001D961C8A1B8ABBA7AAA761C19401A5013E
:10A41000B601C701AF88B88CC98CDA8CEB8CFC8C88
:10A420000D8D1E8D0E9491570D890E947457490110
:10A430005A0109811A812B813C81080D191D2A1DA1
:10A440003B1D09831A832B833C83940150586F4F23
:10A450007F4F8F4F9F4FA1E0B0E02F3F3F4F4F4FB7
:10A460005F4F610571058105910509F010F4B0E0B9
:10A47000A0E0222733272A1B3B0B3DA32CA32F89C7
:10A48000388D498D5A8D6B8D7C8D8D8D9E8DAF2E27
:10A49000BE2EC984DD80E32CF22C0D851BA10E9409
:10A4A00091570D890E9474576D83A72EB82EC92E1F
:10A4B00019014A0129873A864B879C8669817A81EE
:10A4C0008B819C81AAA5BBA51C962D913D914D9198
:10A4D0005C911F970E942157A22FF32FE42FD52EB6
:10A4E0007B018C019101A4016D817A2D8B2D9C2D16
:10A4F00050586F4F7F4F8F4F9F4F2F3F3F4F4F4FC2
:10A500005F4F610571058105910511F008F05DC28D
:10A510002F89388D498D5A8D6B8D7C8D8D8D9E8DBB
:10A52000AA2EBF2ECE2E0E9491570D890E947457DD
:10A53000D62EE72EF82E092F19014A012D833E82CF
:10A540004F839886C301B201AAA5BBA518962D9189
:10A550003D914D915C911B970E9421575901C42E4A
:10A56000B52FA62FF72FE82F192F9101A4016D2DDC
:10A570007E2D8F2D902F50586F4F7F4F8F4F9F4FB5
:10A580002F3F3F4F4F4F5F4F61057105810591058B
:10A5900011F008F01FC22F89388D498D5A8D6B8DAF
:10A5A0007C8D8D8D9E8DDB2EEA2EFF2E0E2F0E9430
:10A5B00091570D890E9474571B012C0139014A01E2
:10A5C0002D877E864F87988A69817A818B819C81CD
:10A5D000AAA5BBA550962D913D914D915C915397A5
:10A5E0000E94215759016A017B018C019301A4014A
:10A5F000B101C20150586F4F7F4F8F4F9F4F2F3F78
:10A600003F4F4F4F5F4F610571058105910511F077
:10A6100008F041C149805A806B807C80EEA1E11135
:10A620003EC1A982BA82CB82DC829501A601B70124
:10A63000C80150586F4F7F4F8F4F9F4F2F3F3F4F55
:10A640004F4F5F4F610571058105910511F008F0CD
:10A6500013C10CA11DA1012B09F00EC149855A851A
:10A660006B857C858D819E81AF81B885481B590B98
:10A670006A0B7B0BEAA5FBA5808D918DA28DB38D16
:10A68000840F951FA61FB71F848B958BA68BB78B46
:10A690008D859E85AF85B88909811A812B813C8182
:10A6A000801B910BA20BB30B808F918FA28FB38F66
:10A6B0000B891C890F5F1F4F1C8B0B8B7C96FBA794
:10A6C000EAA72FA138A50217130709F408C1C3018F
:10A6D000B201AAA5BBA52D913D914D915C910E941F
:10A6E000215749015A016B017C01AAA5BBA55496CB
:10A6F0000D911D912D913C91579709831A832B83BE
:10A700003C83C301B20114962D913D914D915C9112
:10A7100017970E942157F22FE32F49875D83362E2A
:10A72000272E8D879BA3BEA1B11170CE29813A81BE
:10A730004B815C81280D391D4A1D5B1D29833A839D
:10A740004B835C839401A501B601C70150586F4F3C
:10A750007F4F8F4F9F4FA1E0B0E02F3F3F4F4F4FB4
:10A760005F4F610571058105910509F010F4B0E0B6
:10A77000A0E0882499248A1A9B0AEF2EFE2E0985D0
:10A780001D81F987EA870B871C8769817A818B8114
:10A790009C81AAA5BBA51C962D913D914D915C91E4
:10A7A0001F970E942157B22FA32FF42FE52F5B0193
:10A7B0006C019701A801632D722D8D859BA15058C6
:10A7C0006F4F7F4F8F4F9F4F2F3F3F4F4F4F5F4FE9
:10A7D000610571058105910521F018F088248A949E
:10A7E000982CEB2EFA2E0F2F1E2FBD83AE83FF83E6
:10A7F000E887C301B201AAA5BBA518962D913D918A
:10A800004D915C911B970E942157F901DA013B01A0
:10A810002C019701A801B501C60150586F4F7F4F19
:10A820008F4F9F4F2F3F3F4F4F4F5F4F6105710538
:10A830008105910509F008F4D2C00FEF1FEF1DA3A9
:10A840000CA3ED87FE87AF87B88B69817A818B81F6
:10A850009C81AAA5BBA550962D913D914D915C91EF
:10A8600053970E94215759016A017B018C0149804D
:10A870005A806B807C80D5CEA989BA8953968C91F9
:10A88000539782FFA6CC53961C92539755966C9182
:10A8900055976F5FEDCCEFEFFFEFFDA3ECA32F8992
:10A8A000388D498D5A8D6B8D7C8D8D8D9E8D0E943E
:10A8B00091570D890E947457D6CF88279927DC01BC
:10A8C0008C199D09AE09BF09E981FA8185839683B8
:10A8D000A783B087148240E050E0BA010ECDE98929
:10A8E000FA898289813009F45BC008F43FC0823064
:10A8F000C1F5E989FA8986859785A089B18984158A
:10A900009505A605B7050CF45BC084199509A60941
:10A91000B70931E020E0E989FA89428553856485E9
:10A920007585481759076A077B07C0F5832F922F53
:10A93000892BB9F0A989BA8954966C915497569687
:10A940008D919C910E94830F0F8D18A129A13AA18E
:10A95000A989BA8958960D931D932D933C935B97C3
:10A9600019A609A5E989FA89038B33CCD301C20161
:10A97000B7FF07C0B095A095909581959F4FAF4FB9
:10A98000BF4F31E020E0E989FA894285538564852B
:10A99000758584179507A607B70740F630E0C6CF40
:10A9A00031E020E0E989FA8982859385A485B5851F
:10A9B00084159505A605B7050CF4B8CF30E0B6CFE1
:10A9C00046865786608A718ACCCF2FEF3FEF3DA332
:10A9D0002CA39ECD2FEF3FEF3DA32CA3DCCD9F01F9
:10A9E000AD01B301C20150586F4F7F4F8F4F9F4F42
:10A9F000EE24E394F12C2F3F3F4F4F4F5F4F610503
:10AA000071058105910509F010F4F12CE12C002766
:10AA100011270E191F099801282939293DA32CA3B4
:10AA200010CF009719F0FC01238922FF0895138AA3
:10AA30006D5F2589620F868997890C94830F6F92C9
:10AA40007F928F929F92AF92BF92CF92DF92EF92BE
:10AA5000FF920F931F93FC0183818F9382818F93C9
:10AA6000848135014601680E711C811C911CD40142
:10AA7000C301BF938F929F936F9281818F93808147
:10AA80008F931F930F93FF92EF925F934F933F9398
:10AA90002F931F926F938CEA96E19F938F930E945E
:10AAA0000A178DB79EB744960FB6F8949EBF0FBE97
:10AAB0008DBF1F910F91FF90EF90DF90CF90BF90CF
:10AAC000AF909F908F907F906F9008959F92AF92DC
:10AAD000BF92CF92DF92EF92FF920F931F93CF938B
:10AAE000DF93FC01908063E87DE4892D0E94E712EA
:10AAF000EC01F8940E943D4F9B01AC01EC85FD8573
:10AB000080819E8589237894A12CB12C65018111C7
:10AB100005C084E0A82EB12CC12CD12CE12CF12C45
:10AB20008701692DCE0146960E941F55DF91CF9176
:10AB30001F910F91FF90EF90DF90CF90BF90AF905B
:10AB40009F900895CF93DF93EC0105969F938F9389
:10AB50008C811F928F9389818F9388818F931F920D
:10AB60006F9385EA96E19F938F930E940A171C8248
:10AB7000888199810196998388838DB79EB70A96BB
:10AB80000FB6F8949EBF0FBE8DBFDF91CF91089591
:10AB9000EF92FF920F931F93CF93DF93FC01041B5F
:10ABA000150B260B370B40894423E1F0842F81508D
:10ABB000990BBC0181E090E002C0880F991F6A9553
:10ABC000E2F7092E000CAA0BBB0B800F911FA21FEE
:10ABD000B31F8C019D0104C03695279517950795E5
:10ABE0004A95D2F74689842F90E0DC011196BC018A
:10ABF0006E5F7F4F4D5F8E0F9F1F0F3F1105210529
:10AC0000310598F4EC010F8BAE0FBF1F5796EC92F5
:10AC10006E0F7F1FDB015796FC92468BDF91CF9121
:10AC20001F910F91FF90EF9008952FEFEC012F8B64
:10AC3000AE0FBF1F81E057968C936E0F7F1FDB0115
:10AC400057961C92468BDF91CF911F910F91FF90E9
:10AC5000EF900895EF92FF920F931F93CF93DF939E
:10AC600000D0CDB7DEB77B01FC018485958528E156
:10AC70002B838E010F5F1F4F22E0AE014D5F5F4FB0
:10AC800061E00E94474429813A81322723273227F5
:10AC9000F701318320830F900F900F90DF91CF91B8
:10ACA0001F910F91FF90EF9008952F923F924F9236
:10ACB0005F926F927F928F929F92AF92BF92CF924C
:10ACC000DF92EF92FF920F931F93CF93DF931F9228
:10ACD0001F92CDB7DEB73C0167ED7AE4FC018081BD
:10ACE0000E94E7124C01FC01868581FF36C0F89472
:10ACF0000E943D4F9B01AC01F401E95BFF4F0190C5
:10AD0000F081E02D8081F401E75BFF4F9081892382
:10AD10007894A12CB12C6501882309F441C0E12C61
:10AD2000F12C8701F3016081C4010F960E941F5529
:10AD30000F900F90DF91CF911F910F91FF90EF90A7
:10AD4000DF90CF90BF90AF909F908F907F906F904B
:10AD50005F904F903F902F9008950E943D4F1B01B0
:10AD60002C01BE016F5F7F4FC4010E942A566C0107
:10AD70000E943D4FCD28E1F6A980BA80B694A794F1
:10AD8000F4E0AF22BB240B2C000CCC08DD087B01C7
:10AD90008C01E218F30804091509A2019101C2CF40
:10ADA00064E0A62EB12CC12CD12CB9CF0F931F93E8
:10ADB000CF93DF93EC01062F142FFC01E25BFF4FD2
:10ADC000642F808191810E9411558A8DFE01E80FC8
:10ADD000F11D138E148E158E168F8C5F8A8F803323
:10ADE00028F4DF91CF911F910F910895602FCE012C
:10ADF0004696DF91CF911F910F910C94A255DB01E4
:10AE00008F939F930E941657BF91AF91A29F800D81
:10AE1000911DA39F900DB29F900D11240895692755
:10AE20009627692778278727782708950E949A57B9
:10AE3000A59F900DB49F900DA49F800D911D11248E
:10AE4000089597FB57FF0C9431579F938F930E945F
:10AE500031576E1B7F0BAF91BF918A0B9B0B0895EF
:10AE6000E894DF93CF93FC01DB010E949A577F9314
:10AE70006F93E9019A01AC01BF93AF933F932F9376
:10AE8000DF010E949A5726F46C1B7D0B820B930BFB
:10AE90009E01EB01FC010E94A957AF91BF912F9138
:10AEA0003F910E94A957BE01CF01F9012F913F9117
:10AEB000CF91DF910895002E083090F0982F872FC2
:10AEC000762F652F542F432F322F22270850F4CF8F
:10AED000220F331F441F551F661F771F881F991F9E
:10AEE0000A95B2F7002D089597FD1094002E0830B2
:10AEF00098F00850232F342F452F562F672F782F87
:10AF0000892F912DF4CF159497958795779567950F
:10AF100057954795379527950A95AAF71124002D3F
:10AF200008952A0D3B1D4C1D5D1D6E1D7F1D801F4C
:10AF3000911F0895A29FB001B39FC001A39F700D00
:10AF4000811D1124911DB29F700D811D1124911D31
:10AF500008950E949A57460F571FC81FD91F08F41B
:10AF600031960895DC012D923D924D925D926D9245
:10AF70007D928D929D92AD92BD92CD92DD92ED9299
:10AF8000FD920D931D93CD93DD930F90FF91EF9163
:10AF90008DB78D938EB78D938FB78D93ED93FD9372
:10AFA000882799270D9221C0DC01CB0181309105C2
:10AFB000811D2D903D904D905D906D907D908D9078
:10AFC0009D90AD90BD90CD90DD90ED90FD900D9158
:10AFD0001D91CD91DD91ED91FD910D90F894FEBF05
:10AFE0000FBEEDBFED91FD910D90EF93FF930F928A
:10AFF0000895FB01DC0102C005900D9241505040C4
:10B00000D8F70895FC014150504030F001900616E9
:10B01000D1F73197CF010895882799270895FB012B
:10B02000DC0102C001900D9241505040D8F70895C4
:10B030006817790768F4FB01DC01E40FF51FA40F22
:10B04000B51F02C002900E9241505040D8F70895AB
:10B050000C940F58DC0101C06D9341505040E0F753
:06B060000895F894FFCFF3
:10B066000000220D0000000010FF0000DD1A0000A5
:10B0760000800A02240D000000000000D94800806C
:10B08600000012021202000000003003000000005F
:00000001FF
